,Session,Attendance,Completed Exit Ticket Survey,name
0,Customize Your Cover Letter,Attended - Completed Feedback Survey,11/2/2021 6:02 PM,Student 11
1,Customize Your Cover Letter,Attended - Completed Feedback Survey,11/2/2021 6:01 PM,Student 45
2,Customize Your Cover Letter,Attended - Completed Feedback Survey,11/2/2021 6:01 PM,Student 75
3,Customize Your Cover Letter,Attended - Completed Feedback Survey,11/2/2021 6:07 PM,Student 61
4,Customize Your Cover Letter,Attended - Completed Feedback Survey,11/2/2021 6:00 PM,Student 79
5,Customize Your Cover Letter,Attended - Completed Feedback Survey,11/2/2021 6:03 PM,Student 104
6,Customize Your Cover Letter,Attended - Completed Feedback Survey,11/2/2021 6:04 PM,Student 30
7,Customize Your Cover Letter,Attended - Completed Feedback Survey,11/2/2021 6:01 PM,Student 59
8,Customize Your Cover Letter,Attended - Completed Feedback Survey,11/2/2021 6:01 PM,Student 91
9,Customize Your Cover Letter,Attended - Completed Feedback Survey,11/2/2021 6:04 PM,Student 5
10,Customize Your Cover Letter,Attended - Completed Feedback Survey,11/2/2021 6:06 PM,Student 102
11,Customize Your Cover Letter,Watched Recording,"11/4/2021 7:49pm, 12/2/2021 9:06pm",Student 88
12,Customize Your Cover Letter,Watched Recording,11/6/2021 12:36 AM,Student 82
13,Customize Your Cover Letter,Watched Recording,11/3/2021 10:13 PM,Student 37
14,Customize Your Cover Letter,Watched Recording,11/3/2021 9:00 PM,Student 27
15,Customize Your Cover Letter,Watched Recording,11/9/2021 5:42 PM,Student 47
16,Customize Your Cover Letter,Watched Recording,11/2/2021 6:03 PM,Student 120
17,Customize Your Cover Letter,Watched Recording,12/8/2021 10:08 AM,Student 72
18,Customize Your Cover Letter,Watched Recording,"11/5/2021 8:06pm, 11/15/2021 12:46pm",Student 18
19,Customize Your Cover Letter,Attended,,Student 51
20,Customize Your Cover Letter,Attended,,Student 19
21,Customize Your Cover Letter,Attended,,Student 70
22,Customize Your Cover Letter,Attended,,Student 76
23,Customize Your Cover Letter,Absent,,Student 56
24,Customize Your Cover Letter,Absent,,Student 67
25,Customize Your Cover Letter,Absent,,Student 58
26,Customize Your Cover Letter,Absent,,Student 55
27,Customize Your Cover Letter,Absent,,Student 10
28,Customize Your Cover Letter,Absent,,Student 39
29,Customize Your Cover Letter,Absent,,Student 2
30,Customize Your Cover Letter,Absent,,Student 43
31,Customize Your Cover Letter,Absent,,Student 97
32,Customize Your Cover Letter,Absent,,Student 118
33,Customize Your Cover Letter,Absent,,Student 111
34,Customize Your Cover Letter,Absent,,Student 83
35,Customize Your Cover Letter,Absent,,Student 78
36,Customize Your Cover Letter,Absent,,Student 28
37,Customize Your Cover Letter,Absent,,Student 54
38,Customize Your Cover Letter,Absent,,Student 24
39,Customize Your Cover Letter,Absent,,Student 44
40,Customize Your Cover Letter,Absent,,Student 63
41,Customize Your Cover Letter,Absent,,Student 65
42,Customize Your Cover Letter,Absent,,Student 106
43,Customize Your Cover Letter,Absent,,Student 8
44,Customize Your Cover Letter,Absent,,Student 36
45,Customize Your Cover Letter,Absent,,Student 13
46,Customize Your Cover Letter,Absent,,Student 80
47,Customize Your Cover Letter,Absent,,Student 49
48,Customize Your Cover Letter,Absent,,Student 98
49,Customize Your Cover Letter,Absent,,Student 3
50,Customize Your Cover Letter,Absent,,Student 53
51,Customize Your Cover Letter,Absent,,Student 110
52,Customize Your Cover Letter,Absent,,Student 57
53,Customize Your Cover Letter,Absent,,Student 116
54,Customize Your Cover Letter,Absent,,Student 22
55,Customize Your Cover Letter,Absent,,Student 77
56,Customize Your Cover Letter,Absent,,Student 115
57,Customize Your Cover Letter,Absent,,Student 109
58,Customize Your Cover Letter,Absent,,Student 20
59,Customize Your Cover Letter,Absent,,Student 84
60,Customize Your Cover Letter,Absent,,Student 26
61,Customize Your Cover Letter,Absent,,Student 62
62,Customize Your Cover Letter,Absent,,Student 4
63,Customize Your Cover Letter,Absent,,Student 23
64,Customize Your Cover Letter,Absent,,Student 101
65,Customize Your Cover Letter,Absent,,Student 7
66,Customize Your Cover Letter,Absent,,Student 100
67,Customize Your Cover Letter,Absent,,Student 74
68,Customize Your Cover Letter,Absent,,Student 34
69,Customize Your Cover Letter,Absent,,Student 69
70,Customize Your Cover Letter,Absent,,Student 1
71,Customize Your Cover Letter,Absent,,Student 25
72,Customize Your Cover Letter,Absent,,Student 29
73,Customize Your Cover Letter,Absent,,Student 85
74,Customize Your Cover Letter,Absent,,Student 99
75,Customize Your Cover Letter,Absent,,Student 33
76,Customize Your Cover Letter,Absent,,Student 103
77,Customize Your Cover Letter,Absent,,Student 107
78,Customize Your Cover Letter,Absent,,Student 117
79,Customize Your Cover Letter,Signed Up after Session,,Student 86
80,Customize Your Cover Letter,Signed Up after Session,,Student 68
81,Customize Your Cover Letter,Signed Up after Session,,Student 12
82,Customize Your Cover Letter,Signed Up after Session,,Student 46
83,Discover Your Next Steps,Attended - Completed Feedback Survey,10/5/2021 5:49 PM,Student 56
84,Discover Your Next Steps,Attended - Completed Feedback Survey,10/5/2021 5:50 PM,Student 11
85,Discover Your Next Steps,Attended - Completed Feedback Survey,10/5/2021 5:49 PM,Student 39
86,Discover Your Next Steps,Attended - Completed Feedback Survey,10/5/2021 6:36 PM,Student 2
87,Discover Your Next Steps,Attended - Completed Feedback Survey,10/5/2021 5:50 PM,Student 65
88,Discover Your Next Steps,Attended - Completed Feedback Survey,10/5/2021 5:49 PM,Student 75
89,Discover Your Next Steps,Attended - Completed Feedback Survey,10/5/2021 5:50 PM,Student 61
90,Discover Your Next Steps,Attended - Completed Feedback Survey,10/5/2021 5:51 PM,Student 104
91,Discover Your Next Steps,Attended - Completed Feedback Survey,10/5/2021 5:53 PM,Student 110
92,Discover Your Next Steps,Attended - Completed Feedback Survey,10/5/2021 5:51 PM,Student 30
93,Discover Your Next Steps,Attended - Completed Feedback Survey,10/5/2021 5:50 PM,Student 119
94,Discover Your Next Steps,Attended - Completed Feedback Survey,10/5/2021 5:50 PM,Student 59
95,Discover Your Next Steps,Attended - Completed Feedback Survey,10/5/2021 5:49 PM,Student 22
96,Discover Your Next Steps,Watched Recording,10/11/2021 8:12 PM,Student 111
97,Discover Your Next Steps,Watched Recording,10/25/2021 1:51 PM,Student 16
98,Discover Your Next Steps,Attended,,Student 51
99,Discover Your Next Steps,Attended,,Student 52
100,Discover Your Next Steps,Attended,,Student 43
101,Discover Your Next Steps,Attended,,Student 118
102,Discover Your Next Steps,Attended,,Student 78
103,Discover Your Next Steps,Attended,,Student 28
104,Discover Your Next Steps,Attended,,Student 116
105,Discover Your Next Steps,Absent,,Student 67
106,Discover Your Next Steps,Absent,,Student 58
107,Discover Your Next Steps,Absent,,Student 55
108,Discover Your Next Steps,Absent,,Student 10
109,Discover Your Next Steps,Absent,,Student 97
110,Discover Your Next Steps,Absent,,Student 83
111,Discover Your Next Steps,Absent,,Student 54
112,Discover Your Next Steps,Absent,,Student 24
113,Discover Your Next Steps,Absent,,Student 63
114,Discover Your Next Steps,Absent,,Student 106
115,Discover Your Next Steps,Absent,,Student 45
116,Discover Your Next Steps,Absent,,Student 14
117,Discover Your Next Steps,Absent,,Student 8
118,Discover Your Next Steps,Absent,,Student 36
119,Discover Your Next Steps,Absent,,Student 13
120,Discover Your Next Steps,Absent,,Student 19
121,Discover Your Next Steps,Absent,,Student 79
122,Discover Your Next Steps,Absent,,Student 70
123,Discover Your Next Steps,Absent,,Student 71
124,Discover Your Next Steps,Absent,,Student 80
125,Discover Your Next Steps,Absent,,Student 88
126,Discover Your Next Steps,Absent,,Student 49
127,Discover Your Next Steps,Absent,,Student 3
128,Discover Your Next Steps,Absent,,Student 53
129,Discover Your Next Steps,Absent,,Student 57
130,Discover Your Next Steps,Absent,,Student 32
131,Discover Your Next Steps,Absent,,Student 41
132,Discover Your Next Steps,Absent,,Student 37
133,Discover Your Next Steps,Absent,,Student 86
134,Discover Your Next Steps,Signed Up after Session,,Student 47
135,Discover Your Next Steps,Signed Up after Session,,Student 20
136,Discover Your Next Steps,Signed Up after Session,,Student 101
137,Discover Your Next Steps,Signed Up after Session,,Student 74
138,Discover Your Next Steps,Signed Up after Session,,Student 95
139,Discover Your Next Steps,Signed Up after Session,,Student 69
140,Discover Your Next Steps,Signed Up after Session,,Student 1
141,Discover Your Next Steps,Signed Up after Session,,Student 25
142,Discover Your Next Steps,Signed Up after Session,,Student 85
143,Discover Your Next Steps,Signed Up after Session,,Student 103
144,Discover Your Next Steps,Signed Up after Session,,Student 117
145,Discover Your Next Steps,Signed Up after Session,,Student 105
146,Discover Your Next Steps,Signed Up after Session,,Student 68
147,Discover Your Next Steps,Signed Up after Session,,Student 12
148,"Interviewing 101: Strategies for Before, During & After",Attended - Completed Feedback Survey,11/30/2021 6:02 PM,Student 11
149,"Interviewing 101: Strategies for Before, During & After",Attended - Completed Feedback Survey,11/30/2021 6:01 PM,Student 39
150,"Interviewing 101: Strategies for Before, During & After",Attended - Completed Feedback Survey,11/30/2021 6:09 PM,Student 118
151,"Interviewing 101: Strategies for Before, During & After",Attended - Completed Feedback Survey,11/30/2021 6:00 PM,Student 111
152,"Interviewing 101: Strategies for Before, During & After",Attended - Completed Feedback Survey,11/30/2021 6:05 PM,Student 45
153,"Interviewing 101: Strategies for Before, During & After",Attended - Completed Feedback Survey,11/30/2021 6:01 PM,Student 75
154,"Interviewing 101: Strategies for Before, During & After",Attended - Completed Feedback Survey,11/30/2021 6:01 PM,Student 61
155,"Interviewing 101: Strategies for Before, During & After",Attended - Completed Feedback Survey,11/30/2021 6:01 PM,Student 79
156,"Interviewing 101: Strategies for Before, During & After",Attended - Completed Feedback Survey,"11/30/2021 6:01pm, 12/1/2021 2:12am",Student 104
157,"Interviewing 101: Strategies for Before, During & After",Attended - Completed Feedback Survey,11/30/2021 6:11 PM,Student 30
158,"Interviewing 101: Strategies for Before, During & After",Attended - Completed Feedback Survey,11/30/2021 6:04 PM,Student 59
159,"Interviewing 101: Strategies for Before, During & After",Attended - Completed Feedback Survey,11/30/2021 6:02 PM,Student 5
160,"Interviewing 101: Strategies for Before, During & After",Attended - Completed Feedback Survey,11/30/2021 6:02 PM,Student 122
161,"Interviewing 101: Strategies for Before, During & After",Attended - Completed Feedback Survey,11/30/2021 6:15 PM,Student 86
162,"Interviewing 101: Strategies for Before, During & After",Watched Recording,12/1/2021 5:20 PM,Student 16
163,"Interviewing 101: Strategies for Before, During & After",Watched Recording,12/2/2021 9:07 PM,Student 88
164,"Interviewing 101: Strategies for Before, During & After",Watched Recording,12/1/2021 10:25 PM,Student 37
165,"Interviewing 101: Strategies for Before, During & After",Watched Recording,12/8/2021 9:57 AM,Student 72
166,"Interviewing 101: Strategies for Before, During & After",Watched Recording,11/30/2021 6:01 PM,Student 119
167,"Interviewing 101: Strategies for Before, During & After",Attended,,Student 51
168,"Interviewing 101: Strategies for Before, During & After",Attended,,Student 19
169,"Interviewing 101: Strategies for Before, During & After",Attended,,Student 70
170,"Interviewing 101: Strategies for Before, During & After",Attended,,Student 98
171,"Interviewing 101: Strategies for Before, During & After",Attended,,Student 121
172,"Interviewing 101: Strategies for Before, During & After",Absent,,Student 56
173,"Interviewing 101: Strategies for Before, During & After",Absent,,Student 67
174,"Interviewing 101: Strategies for Before, During & After",Absent,,Student 93
175,"Interviewing 101: Strategies for Before, During & After",Absent,,Student 58
176,"Interviewing 101: Strategies for Before, During & After",Absent,,Student 55
177,"Interviewing 101: Strategies for Before, During & After",Absent,,Student 10
178,"Interviewing 101: Strategies for Before, During & After",Absent,,Student 2
179,"Interviewing 101: Strategies for Before, During & After",Absent,,Student 43
180,"Interviewing 101: Strategies for Before, During & After",Absent,,Student 97
181,"Interviewing 101: Strategies for Before, During & After",Absent,,Student 83
182,"Interviewing 101: Strategies for Before, During & After",Absent,,Student 78
183,"Interviewing 101: Strategies for Before, During & After",Absent,,Student 28
184,"Interviewing 101: Strategies for Before, During & After",Absent,,Student 54
185,"Interviewing 101: Strategies for Before, During & After",Absent,,Student 24
186,"Interviewing 101: Strategies for Before, During & After",Absent,,Student 44
187,"Interviewing 101: Strategies for Before, During & After",Absent,,Student 63
188,"Interviewing 101: Strategies for Before, During & After",Absent,,Student 65
189,"Interviewing 101: Strategies for Before, During & After",Absent,,Student 106
190,"Interviewing 101: Strategies for Before, During & After",Absent,,Student 8
191,"Interviewing 101: Strategies for Before, During & After",Absent,,Student 36
192,"Interviewing 101: Strategies for Before, During & After",Absent,,Student 13
193,"Interviewing 101: Strategies for Before, During & After",Absent,,Student 80
194,"Interviewing 101: Strategies for Before, During & After",Absent,,Student 49
195,"Interviewing 101: Strategies for Before, During & After",Absent,,Student 3
196,"Interviewing 101: Strategies for Before, During & After",Absent,,Student 57
197,"Interviewing 101: Strategies for Before, During & After",Absent,,Student 116
198,"Interviewing 101: Strategies for Before, During & After",Absent,,Student 22
199,"Interviewing 101: Strategies for Before, During & After",Absent,,Student 82
200,"Interviewing 101: Strategies for Before, During & After",Absent,,Student 115
201,"Interviewing 101: Strategies for Before, During & After",Absent,,Student 109
202,"Interviewing 101: Strategies for Before, During & After",Absent,,Student 27
203,"Interviewing 101: Strategies for Before, During & After",Absent,,Student 47
204,"Interviewing 101: Strategies for Before, During & After",Absent,,Student 20
205,"Interviewing 101: Strategies for Before, During & After",Absent,,Student 84
206,"Interviewing 101: Strategies for Before, During & After",Absent,,Student 26
207,"Interviewing 101: Strategies for Before, During & After",Absent,,Student 62
208,"Interviewing 101: Strategies for Before, During & After",Absent,,Student 4
209,"Interviewing 101: Strategies for Before, During & After",Absent,,Student 91
210,"Interviewing 101: Strategies for Before, During & After",Absent,,Student 23
211,"Interviewing 101: Strategies for Before, During & After",Absent,,Student 120
212,"Interviewing 101: Strategies for Before, During & After",Absent,,Student 101
213,"Interviewing 101: Strategies for Before, During & After",Absent,,Student 76
214,"Interviewing 101: Strategies for Before, During & After",Absent,,Student 7
215,"Interviewing 101: Strategies for Before, During & After",Absent,,Student 100
216,"Interviewing 101: Strategies for Before, During & After",Absent,,Student 35
217,"Interviewing 101: Strategies for Before, During & After",Absent,,Student 74
218,"Interviewing 101: Strategies for Before, During & After",Absent,,Student 34
219,"Interviewing 101: Strategies for Before, During & After",Absent,,Student 69
220,"Interviewing 101: Strategies for Before, During & After",Absent,,Student 1
221,"Interviewing 101: Strategies for Before, During & After",Absent,,Student 25
222,"Interviewing 101: Strategies for Before, During & After",Absent,,Student 85
223,"Interviewing 101: Strategies for Before, During & After",Absent,,Student 99
224,"Interviewing 101: Strategies for Before, During & After",Absent,,Student 103
225,"Interviewing 101: Strategies for Before, During & After",Absent,,Student 117
226,"Interviewing 101: Strategies for Before, During & After",Absent,,Student 60
227,"Interviewing 101: Strategies for Before, During & After",Absent,,Student 50
228,"Interviewing 101: Strategies for Before, During & After",Signed Up after Session,,Student 68
229,"Interviewing 101: Strategies for Before, During & After",Signed Up after Session,,Student 12
230,Job Search Strategy,Attended - Completed Feedback Survey,11/9/2021 6:13 PM,Student 11
231,Job Search Strategy,Attended - Completed Feedback Survey,11/9/2021 6:02 PM,Student 111
232,Job Search Strategy,Attended - Completed Feedback Survey,11/9/2021 6:03 PM,Student 45
233,Job Search Strategy,Attended - Completed Feedback Survey,11/9/2021 6:01 PM,Student 75
234,Job Search Strategy,Attended - Completed Feedback Survey,11/9/2021 6:01 PM,Student 61
235,Job Search Strategy,Attended - Completed Feedback Survey,11/9/2021 6:01 PM,Student 79
236,Job Search Strategy,Attended - Completed Feedback Survey,11/9/2021 6:01 PM,Student 104
237,Job Search Strategy,Attended - Completed Feedback Survey,11/9/2021 6:16 PM,Student 30
238,Job Search Strategy,Attended - Completed Feedback Survey,11/9/2021 6:04 PM,Student 59
239,Job Search Strategy,Attended - Completed Feedback Survey,11/9/2021 6:02 PM,Student 116
240,Job Search Strategy,Attended - Completed Feedback Survey,11/9/2021 6:01 PM,Student 5
241,Job Search Strategy,Watched Recording,11/10/2021 9:58 PM,Student 118
242,Job Search Strategy,Watched Recording,11/15/2021 1:01 PM,Student 16
243,Job Search Strategy,Watched Recording,11/10/2021 9:48 PM,Student 88
244,Job Search Strategy,Watched Recording,11/11/2021 8:10 PM,Student 37
245,Job Search Strategy,Watched Recording,11/11/2021 2:46 AM,Student 47
246,Job Search Strategy,Attended,,Student 51
247,Job Search Strategy,Attended,,Student 19
248,Job Search Strategy,Attended,,Student 70
249,Job Search Strategy,Attended,,Student 91
250,Job Search Strategy,Attended,,Student 72
251,Job Search Strategy,Attended,,Student 73
252,Job Search Strategy,Absent,,Student 56
253,Job Search Strategy,Absent,,Student 67
254,Job Search Strategy,Absent,,Student 58
255,Job Search Strategy,Absent,,Student 55
256,Job Search Strategy,Absent,,Student 10
257,Job Search Strategy,Absent,,Student 2
258,Job Search Strategy,Absent,,Student 43
259,Job Search Strategy,Absent,,Student 66
260,Job Search Strategy,Absent,,Student 97
261,Job Search Strategy,Absent,,Student 83
262,Job Search Strategy,Absent,,Student 78
263,Job Search Strategy,Absent,,Student 28
264,Job Search Strategy,Absent,,Student 54
265,Job Search Strategy,Absent,,Student 24
266,Job Search Strategy,Absent,,Student 44
267,Job Search Strategy,Absent,,Student 63
268,Job Search Strategy,Absent,,Student 65
269,Job Search Strategy,Absent,,Student 106
270,Job Search Strategy,Absent,,Student 14
271,Job Search Strategy,Absent,,Student 8
272,Job Search Strategy,Absent,,Student 13
273,Job Search Strategy,Absent,,Student 80
274,Job Search Strategy,Absent,,Student 49
275,Job Search Strategy,Absent,,Student 98
276,Job Search Strategy,Absent,,Student 3
277,Job Search Strategy,Absent,,Student 53
278,Job Search Strategy,Absent,,Student 110
279,Job Search Strategy,Absent,,Student 57
280,Job Search Strategy,Absent,,Student 22
281,Job Search Strategy,Absent,,Student 82
282,Job Search Strategy,Absent,,Student 109
283,Job Search Strategy,Absent,,Student 121
284,Job Search Strategy,Absent,,Student 27
285,Job Search Strategy,Absent,,Student 20
286,Job Search Strategy,Absent,,Student 84
287,Job Search Strategy,Absent,,Student 26
288,Job Search Strategy,Absent,,Student 62
289,Job Search Strategy,Absent,,Student 4
290,Job Search Strategy,Absent,,Student 42
291,Job Search Strategy,Absent,,Student 23
292,Job Search Strategy,Absent,,Student 120
293,Job Search Strategy,Absent,,Student 101
294,Job Search Strategy,Absent,,Student 76
295,Job Search Strategy,Absent,,Student 7
296,Job Search Strategy,Absent,,Student 100
297,Job Search Strategy,Absent,,Student 35
298,Job Search Strategy,Absent,,Student 74
299,Job Search Strategy,Absent,,Student 34
300,Job Search Strategy,Absent,,Student 69
301,Job Search Strategy,Absent,,Student 1
302,Job Search Strategy,Absent,,Student 25
303,Job Search Strategy,Absent,,Student 124
304,Job Search Strategy,Absent,,Student 29
305,Job Search Strategy,Absent,,Student 85
306,Job Search Strategy,Absent,,Student 99
307,Job Search Strategy,Absent,,Student 33
308,Job Search Strategy,Absent,,Student 103
309,Job Search Strategy,Absent,,Student 60
310,Job Search Strategy,Signed Up after Session,,Student 9
311,Job Search Strategy,Signed Up after Session,,Student 86
312,Job Search Strategy,Signed Up after Session,,Student 68
313,Job Search Strategy,Signed Up after Session,,Student 12
314,Level Up Your Interview Skills,Attended - Completed Feedback Survey,12/7/2021 6:06 PM,Student 11
315,Level Up Your Interview Skills,Attended - Completed Feedback Survey,12/7/2021 6:00 PM,Student 2
316,Level Up Your Interview Skills,Attended - Completed Feedback Survey,12/7/2021 6:01 PM,Student 45
317,Level Up Your Interview Skills,Attended - Completed Feedback Survey,12/7/2021 6:02 PM,Student 75
318,Level Up Your Interview Skills,Attended - Completed Feedback Survey,12/7/2021 6:04 PM,Student 61
319,Level Up Your Interview Skills,Attended - Completed Feedback Survey,12/7/2021 6:00 PM,Student 79
320,Level Up Your Interview Skills,Attended - Completed Feedback Survey,12/7/2021 6:09 PM,Student 30
321,Level Up Your Interview Skills,Attended - Completed Feedback Survey,12/7/2021 6:57 PM,Student 59
322,Level Up Your Interview Skills,Attended - Completed Feedback Survey,12/7/2021 6:01 PM,Student 5
323,Level Up Your Interview Skills,Watched Recording,12/15/2021 5:06 PM,Student 111
324,Level Up Your Interview Skills,Watched Recording,12/9/2021 1:13 PM,Student 16
325,Level Up Your Interview Skills,Watched Recording,12/8/2021 6:45 PM,Student 88
326,Level Up Your Interview Skills,Watched Recording,12/13/2021 12:12 AM,Student 86
327,Level Up Your Interview Skills,Attended,,Student 51
328,Level Up Your Interview Skills,Attended,,Student 19
329,Level Up Your Interview Skills,Attended,,Student 70
330,Level Up Your Interview Skills,Attended,,Student 116
331,Level Up Your Interview Skills,Absent,,Student 56
332,Level Up Your Interview Skills,Absent,,Student 67
333,Level Up Your Interview Skills,Absent,,Student 93
334,Level Up Your Interview Skills,Absent,,Student 58
335,Level Up Your Interview Skills,Absent,,Student 55
336,Level Up Your Interview Skills,Absent,,Student 10
337,Level Up Your Interview Skills,Absent,,Student 43
338,Level Up Your Interview Skills,Absent,,Student 118
339,Level Up Your Interview Skills,Absent,,Student 83
340,Level Up Your Interview Skills,Absent,,Student 78
341,Level Up Your Interview Skills,Absent,,Student 28
342,Level Up Your Interview Skills,Absent,,Student 54
343,Level Up Your Interview Skills,Absent,,Student 24
344,Level Up Your Interview Skills,Absent,,Student 44
345,Level Up Your Interview Skills,Absent,,Student 63
346,Level Up Your Interview Skills,Absent,,Student 65
347,Level Up Your Interview Skills,Absent,,Student 106
348,Level Up Your Interview Skills,Absent,,Student 14
349,Level Up Your Interview Skills,Absent,,Student 8
350,Level Up Your Interview Skills,Absent,,Student 13
351,Level Up Your Interview Skills,Absent,,Student 80
352,Level Up Your Interview Skills,Absent,,Student 49
353,Level Up Your Interview Skills,Absent,,Student 98
354,Level Up Your Interview Skills,Absent,,Student 3
355,Level Up Your Interview Skills,Absent,,Student 104
356,Level Up Your Interview Skills,Absent,,Student 57
357,Level Up Your Interview Skills,Absent,,Student 22
358,Level Up Your Interview Skills,Absent,,Student 82
359,Level Up Your Interview Skills,Absent,,Student 115
360,Level Up Your Interview Skills,Absent,,Student 109
361,Level Up Your Interview Skills,Absent,,Student 37
362,Level Up Your Interview Skills,Absent,,Student 27
363,Level Up Your Interview Skills,Absent,,Student 47
364,Level Up Your Interview Skills,Absent,,Student 20
365,Level Up Your Interview Skills,Absent,,Student 84
366,Level Up Your Interview Skills,Absent,,Student 26
367,Level Up Your Interview Skills,Absent,,Student 62
368,Level Up Your Interview Skills,Absent,,Student 4
369,Level Up Your Interview Skills,Absent,,Student 91
370,Level Up Your Interview Skills,Absent,,Student 42
371,Level Up Your Interview Skills,Absent,,Student 23
372,Level Up Your Interview Skills,Absent,,Student 120
373,Level Up Your Interview Skills,Absent,,Student 101
374,Level Up Your Interview Skills,Absent,,Student 76
375,Level Up Your Interview Skills,Absent,,Student 72
376,Level Up Your Interview Skills,Absent,,Student 7
377,Level Up Your Interview Skills,Absent,,Student 100
378,Level Up Your Interview Skills,Absent,,Student 35
379,Level Up Your Interview Skills,Absent,,Student 74
380,Level Up Your Interview Skills,Absent,,Student 34
381,Level Up Your Interview Skills,Absent,,Student 69
382,Level Up Your Interview Skills,Absent,,Student 1
383,Level Up Your Interview Skills,Absent,,Student 25
384,Level Up Your Interview Skills,Absent,,Student 29
385,Level Up Your Interview Skills,Absent,,Student 85
386,Level Up Your Interview Skills,Absent,,Student 99
387,Level Up Your Interview Skills,Absent,,Student 33
388,Level Up Your Interview Skills,Absent,,Student 103
389,Level Up Your Interview Skills,Absent,,Student 117
390,Level Up Your Interview Skills,Absent,,Student 60
391,Level Up Your Interview Skills,Absent,,Student 9
392,Level Up Your Interview Skills,Absent,,Student 50
393,Level Up Your Interview Skills,Absent,,Student 68
394,Level Up Your Interview Skills,Absent,,Student 81
395,Level Up Your Interview Skills,Signed Up after Session,,Student 12
396,Networking *Special 2 hour Session*,Attended - Completed Feedback Survey,"11/16/2021 6:01pm, 11/16/2021 7:00pm",Student 11
397,Networking *Special 2 hour Session*,Attended - Completed Feedback Survey,"11/16/2021 5:58pm, 11/16/2021 6:58pm",Student 39
398,Networking *Special 2 hour Session*,Attended - Completed Feedback Survey,11/16/2021 6:58 PM,Student 2
399,Networking *Special 2 hour Session*,Attended - Completed Feedback Survey,"11/16/2021 6:00pm, 11/17/2021 5:33pm",Student 118
400,Networking *Special 2 hour Session*,Attended - Completed Feedback Survey,"11/16/2021 5:59pm, 11/16/2021 6:58pm",Student 111
401,Networking *Special 2 hour Session*,Attended - Completed Feedback Survey,"11/16/2021 6:05pm, 11/16/2021 7:01pm",Student 45
402,Networking *Special 2 hour Session*,Attended - Completed Feedback Survey,"11/16/2021 6:00pm, 11/16/2021 6:58pm",Student 75
403,Networking *Special 2 hour Session*,Attended - Completed Feedback Survey,11/16/2021 5:59 PM,Student 61
404,Networking *Special 2 hour Session*,Attended - Completed Feedback Survey,11/16/2021 6:59 PM,Student 79
405,Networking *Special 2 hour Session*,Attended - Completed Feedback Survey,11/16/2021 5:59 PM,Student 104
406,Networking *Special 2 hour Session*,Attended - Completed Feedback Survey,"11/16/2021 6:00pm, 11/16/2021 7:00pm",Student 30
407,Networking *Special 2 hour Session*,Attended - Completed Feedback Survey,"11/16/2021 6:00pm, 11/16/2021 7:00pm",Student 59
408,Networking *Special 2 hour Session*,Attended - Completed Feedback Survey,"11/16/2021 6:01pm, 11/16/2021 7:00pm",Student 120
409,Networking *Special 2 hour Session*,Attended - Completed Feedback Survey,"11/16/2021 5:59pm, 11/16/2021 7:00pm",Student 5
410,Networking *Special 2 hour Session*,Attended - Completed Feedback Survey,"11/16/2021 5:59pm, 11/16/2021 7:01pm",Student 87
411,Networking *Special 2 hour Session*,Attended - Completed Feedback Survey,"11/16/2021 6:01pm, 11/16/2021 6:59pm",Student 123
412,Networking *Special 2 hour Session*,Watched Recording,11/17/2021 6:04 PM,Student 16
413,Networking *Special 2 hour Session*,Watched Recording,12/2/2021 9:17 PM,Student 88
414,Networking *Special 2 hour Session*,Watched Recording,12/1/2021 12:49 AM,Student 37
415,Networking *Special 2 hour Session*,Watched Recording,12/8/2021 10:03 AM,Student 72
416,Networking *Special 2 hour Session*,Attended,,Student 51
417,Networking *Special 2 hour Session*,Attended,,Student 70
418,Networking *Special 2 hour Session*,Attended,,Student 121
419,Networking *Special 2 hour Session*,Absent,,Student 56
420,Networking *Special 2 hour Session*,Absent,,Student 94
421,Networking *Special 2 hour Session*,Absent,,Student 67
422,Networking *Special 2 hour Session*,Absent,,Student 93
423,Networking *Special 2 hour Session*,Absent,,Student 58
424,Networking *Special 2 hour Session*,Absent,,Student 55
425,Networking *Special 2 hour Session*,Absent,,Student 10
426,Networking *Special 2 hour Session*,Absent,,Student 43
427,Networking *Special 2 hour Session*,Absent,,Student 66
428,Networking *Special 2 hour Session*,Absent,,Student 97
429,Networking *Special 2 hour Session*,Absent,,Student 83
430,Networking *Special 2 hour Session*,Absent,,Student 78
431,Networking *Special 2 hour Session*,Absent,,Student 28
432,Networking *Special 2 hour Session*,Absent,,Student 54
433,Networking *Special 2 hour Session*,Absent,,Student 24
434,Networking *Special 2 hour Session*,Absent,,Student 44
435,Networking *Special 2 hour Session*,Absent,,Student 65
436,Networking *Special 2 hour Session*,Absent,,Student 106
437,Networking *Special 2 hour Session*,Absent,,Student 8
438,Networking *Special 2 hour Session*,Absent,,Student 36
439,Networking *Special 2 hour Session*,Absent,,Student 13
440,Networking *Special 2 hour Session*,Absent,,Student 80
441,Networking *Special 2 hour Session*,Absent,,Student 49
442,Networking *Special 2 hour Session*,Absent,,Student 31
443,Networking *Special 2 hour Session*,Absent,,Student 98
444,Networking *Special 2 hour Session*,Absent,,Student 3
445,Networking *Special 2 hour Session*,Absent,,Student 53
446,Networking *Special 2 hour Session*,Absent,,Student 110
447,Networking *Special 2 hour Session*,Absent,,Student 57
448,Networking *Special 2 hour Session*,Absent,,Student 116
449,Networking *Special 2 hour Session*,Absent,,Student 82
450,Networking *Special 2 hour Session*,Absent,,Student 115
451,Networking *Special 2 hour Session*,Absent,,Student 109
452,Networking *Special 2 hour Session*,Absent,,Student 26
453,Networking *Special 2 hour Session*,Absent,,Student 62
454,Networking *Special 2 hour Session*,Absent,,Student 4
455,Networking *Special 2 hour Session*,Absent,,Student 91
456,Networking *Special 2 hour Session*,Absent,,Student 42
457,Networking *Special 2 hour Session*,Absent,,Student 23
458,Networking *Special 2 hour Session*,Absent,,Student 101
459,Networking *Special 2 hour Session*,Absent,,Student 76
460,Networking *Special 2 hour Session*,Absent,,Student 7
461,Networking *Special 2 hour Session*,Absent,,Student 100
462,Networking *Special 2 hour Session*,Absent,,Student 35
463,Networking *Special 2 hour Session*,Absent,,Student 74
464,Networking *Special 2 hour Session*,Absent,,Student 34
465,Networking *Special 2 hour Session*,Absent,,Student 69
466,Networking *Special 2 hour Session*,Absent,,Student 1
467,Networking *Special 2 hour Session*,Absent,,Student 25
468,Networking *Special 2 hour Session*,Absent,,Student 29
469,Networking *Special 2 hour Session*,Absent,,Student 85
470,Networking *Special 2 hour Session*,Absent,,Student 99
471,Networking *Special 2 hour Session*,Absent,,Student 33
472,Networking *Special 2 hour Session*,Absent,,Student 103
473,Networking *Special 2 hour Session*,Absent,,Student 117
474,Networking *Special 2 hour Session*,Absent,,Student 60
475,Networking *Special 2 hour Session*,Absent,,Student 48
476,Networking *Special 2 hour Session*,Absent,,Student 9
477,Networking *Special 2 hour Session*,Absent,,Student 50
478,Networking *Special 2 hour Session*,Attended - Left early,,Student 19
479,Networking *Special 2 hour Session*,Attended - Left early,,Student 22
480,Networking *Special 2 hour Session*,Attended - Left early,,Student 27
481,Networking *Special 2 hour Session*,Signed Up after Session,,Student 12
482,Results-Oriented Resumes,Attended - Completed Feedback Survey,10/26/2021 6:13 PM,Student 11
483,Results-Oriented Resumes,Attended - Completed Feedback Survey,10/26/2021 6:02 PM,Student 75
484,Results-Oriented Resumes,Attended - Completed Feedback Survey,10/26/2021 6:02 PM,Student 61
485,Results-Oriented Resumes,Attended - Completed Feedback Survey,10/26/2021 6:03 PM,Student 79
486,Results-Oriented Resumes,Attended - Completed Feedback Survey,10/26/2021 6:04 PM,Student 104
487,Results-Oriented Resumes,Attended - Completed Feedback Survey,10/26/2021 6:03 PM,Student 30
488,Results-Oriented Resumes,Attended - Completed Feedback Survey,10/26/2021 6:11 PM,Student 59
489,Results-Oriented Resumes,Watched Recording,11/1/2021 4:27 PM,Student 118
490,Results-Oriented Resumes,Watched Recording,"10/26/2021 6:02pm, 11/3/2021 4:06pm",Student 111
491,Results-Oriented Resumes,Watched Recording,10/27/2021 1:01 PM,Student 16
492,Results-Oriented Resumes,Watched Recording,10/27/2021 1:49 PM,Student 80
493,Results-Oriented Resumes,Watched Recording,10/27/2021 1:20 PM,Student 88
494,Results-Oriented Resumes,Watched Recording,11/6/2021 3:01 AM,Student 82
495,Results-Oriented Resumes,Watched Recording,10/31/2021 4:37 PM,Student 37
496,Results-Oriented Resumes,Watched Recording,11/6/2021 3:02 AM,Student 27
497,Results-Oriented Resumes,Watched Recording,12/8/2021 10:07 AM,Student 72
498,Results-Oriented Resumes,Attended,,Student 51
499,Results-Oriented Resumes,Attended,,Student 45
500,Results-Oriented Resumes,Attended,,Student 19
501,Results-Oriented Resumes,Attended,,Student 70
502,Results-Oriented Resumes,Attended,,Student 91
503,Results-Oriented Resumes,Attended,,Student 120
504,Results-Oriented Resumes,Attended,,Student 101
505,Results-Oriented Resumes,Attended,,Student 5
506,Results-Oriented Resumes,Absent,,Student 56
507,Results-Oriented Resumes,Absent,,Student 67
508,Results-Oriented Resumes,Absent,,Student 58
509,Results-Oriented Resumes,Absent,,Student 55
510,Results-Oriented Resumes,Absent,,Student 10
511,Results-Oriented Resumes,Absent,,Student 39
512,Results-Oriented Resumes,Absent,,Student 2
513,Results-Oriented Resumes,Absent,,Student 43
514,Results-Oriented Resumes,Absent,,Student 66
515,Results-Oriented Resumes,Absent,,Student 83
516,Results-Oriented Resumes,Absent,,Student 78
517,Results-Oriented Resumes,Absent,,Student 28
518,Results-Oriented Resumes,Absent,,Student 54
519,Results-Oriented Resumes,Absent,,Student 24
520,Results-Oriented Resumes,Absent,,Student 63
521,Results-Oriented Resumes,Absent,,Student 65
522,Results-Oriented Resumes,Absent,,Student 106
523,Results-Oriented Resumes,Absent,,Student 8
524,Results-Oriented Resumes,Absent,,Student 36
525,Results-Oriented Resumes,Absent,,Student 13
526,Results-Oriented Resumes,Absent,,Student 49
527,Results-Oriented Resumes,Absent,,Student 38
528,Results-Oriented Resumes,Absent,,Student 98
529,Results-Oriented Resumes,Absent,,Student 3
530,Results-Oriented Resumes,Absent,,Student 53
531,Results-Oriented Resumes,Absent,,Student 110
532,Results-Oriented Resumes,Absent,,Student 57
533,Results-Oriented Resumes,Absent,,Student 116
534,Results-Oriented Resumes,Absent,,Student 22
535,Results-Oriented Resumes,Absent,,Student 77
536,Results-Oriented Resumes,Absent,,Student 115
537,Results-Oriented Resumes,Absent,,Student 109
538,Results-Oriented Resumes,Absent,,Student 47
539,Results-Oriented Resumes,Absent,,Student 84
540,Results-Oriented Resumes,Absent,,Student 26
541,Results-Oriented Resumes,Absent,,Student 62
542,Results-Oriented Resumes,Absent,,Student 4
543,Results-Oriented Resumes,Absent,,Student 23
544,Results-Oriented Resumes,Absent,,Student 7
545,Results-Oriented Resumes,Absent,,Student 100
546,Results-Oriented Resumes,Absent,,Student 74
547,Results-Oriented Resumes,Absent,,Student 34
548,Results-Oriented Resumes,Absent,,Student 69
549,Results-Oriented Resumes,Absent,,Student 1
550,Results-Oriented Resumes,Absent,,Student 25
551,Results-Oriented Resumes,Absent,,Student 29
552,Results-Oriented Resumes,Attended - Left early,,Student 76
553,Results-Oriented Resumes,Signed Up after Session,,Student 85
554,Results-Oriented Resumes,Signed Up after Session,,Student 103
555,Results-Oriented Resumes,Signed Up after Session,,Student 117
556,Results-Oriented Resumes,Signed Up after Session,,Student 15
557,Results-Oriented Resumes,Signed Up after Session,,Student 86
558,Results-Oriented Resumes,Signed Up after Session,,Student 68
559,Results-Oriented Resumes,Signed Up after Session,,Student 12
560,Results-Oriented Resumes,Signed Up after Session,,Student 46
561,Showcase Your Strengths,Attended - Completed Feedback Survey,10/12/2021 6:01 PM,Student 118
562,Showcase Your Strengths,Attended - Completed Feedback Survey,10/12/2021 5:59 PM,Student 111
563,Showcase Your Strengths,Attended - Completed Feedback Survey,10/12/2021 6:19 PM,Student 28
564,Showcase Your Strengths,Attended - Completed Feedback Survey,10/12/2021 6:02 PM,Student 106
565,Showcase Your Strengths,Attended - Completed Feedback Survey,10/12/2021 6:00 PM,Student 75
566,Showcase Your Strengths,Attended - Completed Feedback Survey,10/12/2021 5:59 PM,Student 79
567,Showcase Your Strengths,Attended - Completed Feedback Survey,10/12/2021 6:02 PM,Student 30
568,Showcase Your Strengths,Attended - Completed Feedback Survey,10/12/2021 8:55 PM,Student 59
569,Showcase Your Strengths,Attended - Completed Feedback Survey,10/12/2021 6:01 PM,Student 27
570,Showcase Your Strengths,Attended - Completed Feedback Survey,10/12/2021 6:00 PM,Student 4
571,Showcase Your Strengths,Watched Recording,10/25/2021 2:49 PM,Student 11
572,Showcase Your Strengths,Watched Recording,10/26/2021 4:29 PM,Student 16
573,Showcase Your Strengths,Watched Recording,10/26/2021 12:43 PM,Student 70
574,Showcase Your Strengths,Watched Recording,10/18/2021 7:29 PM,Student 88
575,Showcase Your Strengths,Watched Recording,10/19/2021 4:25 PM,Student 37
576,Showcase Your Strengths,Attended,,Student 51
577,Showcase Your Strengths,Absent,,Student 56
578,Showcase Your Strengths,Absent,,Student 67
579,Showcase Your Strengths,Absent,,Student 58
580,Showcase Your Strengths,Absent,,Student 55
581,Showcase Your Strengths,Absent,,Student 10
582,Showcase Your Strengths,Absent,,Student 39
583,Showcase Your Strengths,Absent,,Student 2
584,Showcase Your Strengths,Absent,,Student 43
585,Showcase Your Strengths,Absent,,Student 97
586,Showcase Your Strengths,Absent,,Student 83
587,Showcase Your Strengths,Absent,,Student 78
588,Showcase Your Strengths,Absent,,Student 54
589,Showcase Your Strengths,Absent,,Student 24
590,Showcase Your Strengths,Absent,,Student 44
591,Showcase Your Strengths,Absent,,Student 63
592,Showcase Your Strengths,Absent,,Student 65
593,Showcase Your Strengths,Absent,,Student 45
594,Showcase Your Strengths,Absent,,Student 8
595,Showcase Your Strengths,Absent,,Student 13
596,Showcase Your Strengths,Absent,,Student 19
597,Showcase Your Strengths,Absent,,Student 80
598,Showcase Your Strengths,Absent,,Student 49
599,Showcase Your Strengths,Absent,,Student 3
600,Showcase Your Strengths,Absent,,Student 104
601,Showcase Your Strengths,Absent,,Student 53
602,Showcase Your Strengths,Absent,,Student 110
603,Showcase Your Strengths,Absent,,Student 57
604,Showcase Your Strengths,Absent,,Student 116
605,Showcase Your Strengths,Absent,,Student 22
606,Showcase Your Strengths,Absent,,Student 77
607,Showcase Your Strengths,Absent,,Student 82
608,Showcase Your Strengths,Absent,,Student 109
609,Showcase Your Strengths,Absent,,Student 121
610,Showcase Your Strengths,Absent,,Student 21
611,Showcase Your Strengths,Absent,,Student 47
612,Showcase Your Strengths,Absent,,Student 20
613,Showcase Your Strengths,Absent,,Student 84
614,Showcase Your Strengths,Absent,,Student 26
615,Showcase Your Strengths,Absent,,Student 62
616,Showcase Your Strengths,Absent,,Student 91
617,Showcase Your Strengths,Signed Up after Session,,Student 23
618,Showcase Your Strengths,Signed Up after Session,,Student 101
619,Showcase Your Strengths,Signed Up after Session,,Student 74
620,Showcase Your Strengths,Signed Up after Session,,Student 95
621,Showcase Your Strengths,Signed Up after Session,,Student 69
622,Showcase Your Strengths,Signed Up after Session,,Student 1
623,Showcase Your Strengths,Signed Up after Session,,Student 73
624,Showcase Your Strengths,Signed Up after Session,,Student 25
625,Showcase Your Strengths,Signed Up after Session,,Student 85
626,Showcase Your Strengths,Signed Up after Session,,Student 103
627,Showcase Your Strengths,Signed Up after Session,,Student 117
628,Showcase Your Strengths,Signed Up after Session,,Student 86
629,Showcase Your Strengths,Signed Up after Session,,Student 68
630,STAR Stories,Attended - Completed Feedback Survey,10/19/2021 6:04 PM,Student 11
631,STAR Stories,Attended - Completed Feedback Survey,10/19/2021 6:02 PM,Student 118
632,STAR Stories,Attended - Completed Feedback Survey,10/19/2021 6:02 PM,Student 111
633,STAR Stories,Attended - Completed Feedback Survey,10/19/2021 6:02 PM,Student 75
634,STAR Stories,Attended - Completed Feedback Survey,10/19/2021 6:02 PM,Student 79
635,STAR Stories,Attended - Completed Feedback Survey,10/19/2021 6:06 PM,Student 104
636,STAR Stories,Attended - Completed Feedback Survey,10/19/2021 6:05 PM,Student 30
637,STAR Stories,Attended - Completed Feedback Survey,10/19/2021 6:03 PM,Student 120
638,STAR Stories,Watched Recording,10/26/2021 12:48 PM,Student 70
639,STAR Stories,Watched Recording,10/27/2021 1:50 PM,Student 80
640,STAR Stories,Watched Recording,11/1/2021 11:26 AM,Student 88
641,STAR Stories,Watched Recording,10/23/2021 3:29 PM,Student 37
642,STAR Stories,Watched Recording,12/8/2021 10:05 AM,Student 72
643,STAR Stories,Watched Recording,11/2/2021 12:45 PM,Student 18
644,STAR Stories,Attended,,Student 51
645,STAR Stories,Attended,,Student 109
646,STAR Stories,Attended,,Student 34
647,STAR Stories,Absent,,Student 67
648,STAR Stories,Absent,,Student 58
649,STAR Stories,Absent,,Student 55
650,STAR Stories,Absent,,Student 2
651,STAR Stories,Absent,,Student 43
652,STAR Stories,Absent,,Student 66
653,STAR Stories,Absent,,Student 97
654,STAR Stories,Absent,,Student 83
655,STAR Stories,Absent,,Student 78
656,STAR Stories,Absent,,Student 28
657,STAR Stories,Absent,,Student 54
658,STAR Stories,Absent,,Student 24
659,STAR Stories,Absent,,Student 44
660,STAR Stories,Absent,,Student 63
661,STAR Stories,Absent,,Student 65
662,STAR Stories,Absent,,Student 106
663,STAR Stories,Absent,,Student 45
664,STAR Stories,Absent,,Student 8
665,STAR Stories,Absent,,Student 61
666,STAR Stories,Absent,,Student 13
667,STAR Stories,Absent,,Student 19
668,STAR Stories,Absent,,Student 49
669,STAR Stories,Absent,,Student 98
670,STAR Stories,Absent,,Student 3
671,STAR Stories,Absent,,Student 57
672,STAR Stories,Absent,,Student 59
673,STAR Stories,Absent,,Student 116
674,STAR Stories,Absent,,Student 22
675,STAR Stories,Absent,,Student 82
676,STAR Stories,Absent,,Student 121
677,STAR Stories,Absent,,Student 27
678,STAR Stories,Absent,,Student 47
679,STAR Stories,Absent,,Student 20
680,STAR Stories,Absent,,Student 26
681,STAR Stories,Absent,,Student 62
682,STAR Stories,Absent,,Student 4
683,STAR Stories,Absent,,Student 91
684,STAR Stories,Absent,,Student 42
685,STAR Stories,Absent,,Student 23
686,STAR Stories,Absent,,Student 101
687,STAR Stories,Absent,,Student 7
688,STAR Stories,Absent,,Student 35
689,STAR Stories,Absent,,Student 74
690,STAR Stories,Absent,,Student 95
691,STAR Stories,Signed Up after Session,,Student 69
692,STAR Stories,Signed Up after Session,,Student 1
693,STAR Stories,Signed Up after Session,,Student 25
694,STAR Stories,Signed Up after Session,,Student 85
695,STAR Stories,Signed Up after Session,,Student 103
696,STAR Stories,Signed Up after Session,,Student 117
697,STAR Stories,Signed Up after Session,,Student 86
698,STAR Stories,Signed Up after Session,,Student 68
699,STAR Stories,Signed Up after Session,,Student 12
