Name - Session,Session,Attendance,Completed Exit Ticket Survey
Student 11 - Customize Your Cover Letter,Customize Your Cover Letter,Attended - Completed Feedback Survey,11/2/2021 6:02 PM
Student 45 - Customize Your Cover Letter,Customize Your Cover Letter,Attended - Completed Feedback Survey,11/2/2021 6:01 PM
Student 75 - Customize Your Cover Letter,Customize Your Cover Letter,Attended - Completed Feedback Survey,11/2/2021 6:01 PM
Student 61 - Customize Your Cover Letter,Customize Your Cover Letter,Attended - Completed Feedback Survey,11/2/2021 6:07 PM
Student 79 - Customize Your Cover Letter,Customize Your Cover Letter,Attended - Completed Feedback Survey,11/2/2021 6:00 PM
Student 104 - Customize Your Cover Letter,Customize Your Cover Letter,Attended - Completed Feedback Survey,11/2/2021 6:03 PM
Student 30 - Customize Your Cover Letter,Customize Your Cover Letter,Attended - Completed Feedback Survey,11/2/2021 6:04 PM
Student 59 - Customize Your Cover Letter,Customize Your Cover Letter,Attended - Completed Feedback Survey,11/2/2021 6:01 PM
Student 91 - Customize Your Cover Letter,Customize Your Cover Letter,Attended - Completed Feedback Survey,11/2/2021 6:01 PM
Student 5 - Customize Your Cover Letter,Customize Your Cover Letter,Attended - Completed Feedback Survey,11/2/2021 6:04 PM
Student 102 - Customize Your Cover Letter,Customize Your Cover Letter,Attended - Completed Feedback Survey,11/2/2021 6:06 PM
Student 88 - Customize Your Cover Letter,Customize Your Cover Letter,Watched Recording,"11/4/2021 7:49pm, 12/2/2021 9:06pm"
Student 82 - Customize Your Cover Letter,Customize Your Cover Letter,Watched Recording,11/6/2021 12:36 AM
Student 37 - Customize Your Cover Letter,Customize Your Cover Letter,Watched Recording,11/3/2021 10:13 PM
Student 27 - Customize Your Cover Letter,Customize Your Cover Letter,Watched Recording,11/3/2021 9:00 PM
Student 47 - Customize Your Cover Letter,Customize Your Cover Letter,Watched Recording,11/9/2021 5:42 PM
Student 120 - Customize Your Cover Letter,Customize Your Cover Letter,Watched Recording,11/2/2021 6:03 PM
Student 72 - Customize Your Cover Letter,Customize Your Cover Letter,Watched Recording,12/8/2021 10:08 AM
Student 18 - Customize Your Cover Letter,Customize Your Cover Letter,Watched Recording,"11/5/2021 8:06pm, 11/15/2021 12:46pm"
Student 51 - Customize Your Cover Letter,Customize Your Cover Letter,Attended,
Student 19 - Customize Your Cover Letter,Customize Your Cover Letter,Attended,
Student 70 - Customize Your Cover Letter,Customize Your Cover Letter,Attended,
Student 76 - Customize Your Cover Letter,Customize Your Cover Letter,Attended,
Student 56 - Customize Your Cover Letter,Customize Your Cover Letter,Absent,
Student 67 - Customize Your Cover Letter,Customize Your Cover Letter,Absent,
Student 58 - Customize Your Cover Letter,Customize Your Cover Letter,Absent,
Student 55 - Customize Your Cover Letter,Customize Your Cover Letter,Absent,
Student 10 - Customize Your Cover Letter,Customize Your Cover Letter,Absent,
Student 39 - Customize Your Cover Letter,Customize Your Cover Letter,Absent,
Student 2 - Customize Your Cover Letter,Customize Your Cover Letter,Absent,
Student 43 - Customize Your Cover Letter,Customize Your Cover Letter,Absent,
Student 97 - Customize Your Cover Letter,Customize Your Cover Letter,Absent,
Student 118 - Customize Your Cover Letter,Customize Your Cover Letter,Absent,
Student 111 - Customize Your Cover Letter,Customize Your Cover Letter,Absent,
Student 83 - Customize Your Cover Letter,Customize Your Cover Letter,Absent,
Student 78 - Customize Your Cover Letter,Customize Your Cover Letter,Absent,
Student 28 - Customize Your Cover Letter,Customize Your Cover Letter,Absent,
Student 54 - Customize Your Cover Letter,Customize Your Cover Letter,Absent,
Student 24 - Customize Your Cover Letter,Customize Your Cover Letter,Absent,
Student 44 - Customize Your Cover Letter,Customize Your Cover Letter,Absent,
Student 63 - Customize Your Cover Letter,Customize Your Cover Letter,Absent,
Student 65 - Customize Your Cover Letter,Customize Your Cover Letter,Absent,
Student 106 - Customize Your Cover Letter,Customize Your Cover Letter,Absent,
Student 8 - Customize Your Cover Letter,Customize Your Cover Letter,Absent,
Student 36 - Customize Your Cover Letter,Customize Your Cover Letter,Absent,
Student 13 - Customize Your Cover Letter,Customize Your Cover Letter,Absent,
Student 80 - Customize Your Cover Letter,Customize Your Cover Letter,Absent,
Student 49 - Customize Your Cover Letter,Customize Your Cover Letter,Absent,
Student 98 - Customize Your Cover Letter,Customize Your Cover Letter,Absent,
Student 3 - Customize Your Cover Letter,Customize Your Cover Letter,Absent,
Student 53 - Customize Your Cover Letter,Customize Your Cover Letter,Absent,
Student 110 - Customize Your Cover Letter,Customize Your Cover Letter,Absent,
Student 57 - Customize Your Cover Letter,Customize Your Cover Letter,Absent,
Student 116 - Customize Your Cover Letter,Customize Your Cover Letter,Absent,
Student 22 - Customize Your Cover Letter,Customize Your Cover Letter,Absent,
Student 77 - Customize Your Cover Letter,Customize Your Cover Letter,Absent,
Student 115 - Customize Your Cover Letter,Customize Your Cover Letter,Absent,
Student 109 - Customize Your Cover Letter,Customize Your Cover Letter,Absent,
Student 20 - Customize Your Cover Letter,Customize Your Cover Letter,Absent,
Student 84 - Customize Your Cover Letter,Customize Your Cover Letter,Absent,
Student 26 - Customize Your Cover Letter,Customize Your Cover Letter,Absent,
Student 62 - Customize Your Cover Letter,Customize Your Cover Letter,Absent,
Student 4 - Customize Your Cover Letter,Customize Your Cover Letter,Absent,
Student 23 - Customize Your Cover Letter,Customize Your Cover Letter,Absent,
Student 101 - Customize Your Cover Letter,Customize Your Cover Letter,Absent,
Student 7 - Customize Your Cover Letter,Customize Your Cover Letter,Absent,
Student 100 - Customize Your Cover Letter,Customize Your Cover Letter,Absent,
Student 74 - Customize Your Cover Letter,Customize Your Cover Letter,Absent,
Student 34 - Customize Your Cover Letter,Customize Your Cover Letter,Absent,
Student 69 - Customize Your Cover Letter,Customize Your Cover Letter,Absent,
Student 1 - Customize Your Cover Letter,Customize Your Cover Letter,Absent,
Student 25 - Customize Your Cover Letter,Customize Your Cover Letter,Absent,
Student 29 - Customize Your Cover Letter,Customize Your Cover Letter,Absent,
Student 85 - Customize Your Cover Letter,Customize Your Cover Letter,Absent,
Student 99 - Customize Your Cover Letter,Customize Your Cover Letter,Absent,
Student 33 - Customize Your Cover Letter,Customize Your Cover Letter,Absent,
Student 103 - Customize Your Cover Letter,Customize Your Cover Letter,Absent,
Student 107 - Customize Your Cover Letter,Customize Your Cover Letter,Absent,
Student 117 - Customize Your Cover Letter,Customize Your Cover Letter,Absent,
Student 86 - Customize Your Cover Letter,Customize Your Cover Letter,Signed Up after Session,
Student 68 - Customize Your Cover Letter,Customize Your Cover Letter,Signed Up after Session,
Student 12 - Customize Your Cover Letter,Customize Your Cover Letter,Signed Up after Session,
Student 46 - Customize Your Cover Letter,Customize Your Cover Letter,Signed Up after Session,
Student 56 - Discover Your Next Steps,Discover Your Next Steps,Attended - Completed Feedback Survey,10/5/2021 5:49 PM
Student 11 - Discover Your Next Steps,Discover Your Next Steps,Attended - Completed Feedback Survey,10/5/2021 5:50 PM
Student 39 - Discover Your Next Steps,Discover Your Next Steps,Attended - Completed Feedback Survey,10/5/2021 5:49 PM
Student 2 - Discover Your Next Steps,Discover Your Next Steps,Attended - Completed Feedback Survey,10/5/2021 6:36 PM
Student 65 - Discover Your Next Steps,Discover Your Next Steps,Attended - Completed Feedback Survey,10/5/2021 5:50 PM
Student 75 - Discover Your Next Steps,Discover Your Next Steps,Attended - Completed Feedback Survey,10/5/2021 5:49 PM
Student 61 - Discover Your Next Steps,Discover Your Next Steps,Attended - Completed Feedback Survey,10/5/2021 5:50 PM
Student 104 - Discover Your Next Steps,Discover Your Next Steps,Attended - Completed Feedback Survey,10/5/2021 5:51 PM
Student 110 - Discover Your Next Steps,Discover Your Next Steps,Attended - Completed Feedback Survey,10/5/2021 5:53 PM
Student 30 - Discover Your Next Steps,Discover Your Next Steps,Attended - Completed Feedback Survey,10/5/2021 5:51 PM
Student 119 - Discover Your Next Steps,Discover Your Next Steps,Attended - Completed Feedback Survey,10/5/2021 5:50 PM
Student 59 - Discover Your Next Steps,Discover Your Next Steps,Attended - Completed Feedback Survey,10/5/2021 5:50 PM
Student 22 - Discover Your Next Steps,Discover Your Next Steps,Attended - Completed Feedback Survey,10/5/2021 5:49 PM
Student 111 - Discover Your Next Steps,Discover Your Next Steps,Watched Recording,10/11/2021 8:12 PM
Student 16 - Discover Your Next Steps,Discover Your Next Steps,Watched Recording,10/25/2021 1:51 PM
Student 51 - Discover Your Next Steps,Discover Your Next Steps,Attended,
Student 52 - Discover Your Next Steps,Discover Your Next Steps,Attended,
Student 43 - Discover Your Next Steps,Discover Your Next Steps,Attended,
Student 118 - Discover Your Next Steps,Discover Your Next Steps,Attended,
Student 78 - Discover Your Next Steps,Discover Your Next Steps,Attended,
Student 28 - Discover Your Next Steps,Discover Your Next Steps,Attended,
Student 116 - Discover Your Next Steps,Discover Your Next Steps,Attended,
Student 67 - Discover Your Next Steps,Discover Your Next Steps,Absent,
Student 58 - Discover Your Next Steps,Discover Your Next Steps,Absent,
Student 55 - Discover Your Next Steps,Discover Your Next Steps,Absent,
Student 10 - Discover Your Next Steps,Discover Your Next Steps,Absent,
Student 97 - Discover Your Next Steps,Discover Your Next Steps,Absent,
Student 83 - Discover Your Next Steps,Discover Your Next Steps,Absent,
Student 54 - Discover Your Next Steps,Discover Your Next Steps,Absent,
Student 24 - Discover Your Next Steps,Discover Your Next Steps,Absent,
Student 63 - Discover Your Next Steps,Discover Your Next Steps,Absent,
Student 106 - Discover Your Next Steps,Discover Your Next Steps,Absent,
Student 45 - Discover Your Next Steps,Discover Your Next Steps,Absent,
Student 14 - Discover Your Next Steps,Discover Your Next Steps,Absent,
Student 8 - Discover Your Next Steps,Discover Your Next Steps,Absent,
Student 36 - Discover Your Next Steps,Discover Your Next Steps,Absent,
Student 13 - Discover Your Next Steps,Discover Your Next Steps,Absent,
Student 19 - Discover Your Next Steps,Discover Your Next Steps,Absent,
Student 79 - Discover Your Next Steps,Discover Your Next Steps,Absent,
Student 70 - Discover Your Next Steps,Discover Your Next Steps,Absent,
Student 71 - Discover Your Next Steps,Discover Your Next Steps,Absent,
Student 80 - Discover Your Next Steps,Discover Your Next Steps,Absent,
Student 88 - Discover Your Next Steps,Discover Your Next Steps,Absent,
Student 49 - Discover Your Next Steps,Discover Your Next Steps,Absent,
Student 3 - Discover Your Next Steps,Discover Your Next Steps,Absent,
Student 53 - Discover Your Next Steps,Discover Your Next Steps,Absent,
Student 57 - Discover Your Next Steps,Discover Your Next Steps,Absent,
Student 32 - Discover Your Next Steps,Discover Your Next Steps,Absent,
Student 41 - Discover Your Next Steps,Discover Your Next Steps,Absent,
Student 37 - Discover Your Next Steps,Discover Your Next Steps,Absent,
Student 86 - Discover Your Next Steps,Discover Your Next Steps,Absent,
Student 47 - Discover Your Next Steps,Discover Your Next Steps,Signed Up after Session,
Student 20 - Discover Your Next Steps,Discover Your Next Steps,Signed Up after Session,
Student 101 - Discover Your Next Steps,Discover Your Next Steps,Signed Up after Session,
Student 74 - Discover Your Next Steps,Discover Your Next Steps,Signed Up after Session,
Student 95 - Discover Your Next Steps,Discover Your Next Steps,Signed Up after Session,
Student 69 - Discover Your Next Steps,Discover Your Next Steps,Signed Up after Session,
Student 1 - Discover Your Next Steps,Discover Your Next Steps,Signed Up after Session,
Student 25 - Discover Your Next Steps,Discover Your Next Steps,Signed Up after Session,
Student 85 - Discover Your Next Steps,Discover Your Next Steps,Signed Up after Session,
Student 103 - Discover Your Next Steps,Discover Your Next Steps,Signed Up after Session,
Student 117 - Discover Your Next Steps,Discover Your Next Steps,Signed Up after Session,
Student 105 - Discover Your Next Steps,Discover Your Next Steps,Signed Up after Session,
Student 68 - Discover Your Next Steps,Discover Your Next Steps,Signed Up after Session,
Student 12 - Discover Your Next Steps,Discover Your Next Steps,Signed Up after Session,
"Student 11 - ""Interviewing 101: Strategies for Before, During & After""","Interviewing 101: Strategies for Before, During & After",Attended - Completed Feedback Survey,11/30/2021 6:02 PM
"Student 39 - ""Interviewing 101: Strategies for Before, During & After""","Interviewing 101: Strategies for Before, During & After",Attended - Completed Feedback Survey,11/30/2021 6:01 PM
"Student 118 - ""Interviewing 101: Strategies for Before, During & After""","Interviewing 101: Strategies for Before, During & After",Attended - Completed Feedback Survey,11/30/2021 6:09 PM
"Student 111 - ""Interviewing 101: Strategies for Before, During & After""","Interviewing 101: Strategies for Before, During & After",Attended - Completed Feedback Survey,11/30/2021 6:00 PM
"Student 45 - ""Interviewing 101: Strategies for Before, During & After""","Interviewing 101: Strategies for Before, During & After",Attended - Completed Feedback Survey,11/30/2021 6:05 PM
"Student 75 - ""Interviewing 101: Strategies for Before, During & After""","Interviewing 101: Strategies for Before, During & After",Attended - Completed Feedback Survey,11/30/2021 6:01 PM
"Student 61 - ""Interviewing 101: Strategies for Before, During & After""","Interviewing 101: Strategies for Before, During & After",Attended - Completed Feedback Survey,11/30/2021 6:01 PM
"Student 79 - ""Interviewing 101: Strategies for Before, During & After""","Interviewing 101: Strategies for Before, During & After",Attended - Completed Feedback Survey,11/30/2021 6:01 PM
"Student 104 - ""Interviewing 101: Strategies for Before, During & After""","Interviewing 101: Strategies for Before, During & After",Attended - Completed Feedback Survey,"11/30/2021 6:01pm, 12/1/2021 2:12am"
"Student 30 - ""Interviewing 101: Strategies for Before, During & After""","Interviewing 101: Strategies for Before, During & After",Attended - Completed Feedback Survey,11/30/2021 6:11 PM
"Student 59 - ""Interviewing 101: Strategies for Before, During & After""","Interviewing 101: Strategies for Before, During & After",Attended - Completed Feedback Survey,11/30/2021 6:04 PM
"Student 5 - ""Interviewing 101: Strategies for Before, During & After""","Interviewing 101: Strategies for Before, During & After",Attended - Completed Feedback Survey,11/30/2021 6:02 PM
"Student 122 - ""Interviewing 101: Strategies for Before, During & After""","Interviewing 101: Strategies for Before, During & After",Attended - Completed Feedback Survey,11/30/2021 6:02 PM
"Student 86 - ""Interviewing 101: Strategies for Before, During & After""","Interviewing 101: Strategies for Before, During & After",Attended - Completed Feedback Survey,11/30/2021 6:15 PM
"Student 16 - ""Interviewing 101: Strategies for Before, During & After""","Interviewing 101: Strategies for Before, During & After",Watched Recording,12/1/2021 5:20 PM
"Student 88 - ""Interviewing 101: Strategies for Before, During & After""","Interviewing 101: Strategies for Before, During & After",Watched Recording,12/2/2021 9:07 PM
"Student 37 - ""Interviewing 101: Strategies for Before, During & After""","Interviewing 101: Strategies for Before, During & After",Watched Recording,12/1/2021 10:25 PM
"Student 72 - ""Interviewing 101: Strategies for Before, During & After""","Interviewing 101: Strategies for Before, During & After",Watched Recording,12/8/2021 9:57 AM
"Student 119 - ""Interviewing 101: Strategies for Before, During & After""","Interviewing 101: Strategies for Before, During & After",Watched Recording,11/30/2021 6:01 PM
"Student 51 - ""Interviewing 101: Strategies for Before, During & After""","Interviewing 101: Strategies for Before, During & After",Attended,
"Student 19 - ""Interviewing 101: Strategies for Before, During & After""","Interviewing 101: Strategies for Before, During & After",Attended,
"Student 70 - ""Interviewing 101: Strategies for Before, During & After""","Interviewing 101: Strategies for Before, During & After",Attended,
"Student 98 - ""Interviewing 101: Strategies for Before, During & After""","Interviewing 101: Strategies for Before, During & After",Attended,
"Student 121 - ""Interviewing 101: Strategies for Before, During & After""","Interviewing 101: Strategies for Before, During & After",Attended,
"Student 56 - ""Interviewing 101: Strategies for Before, During & After""","Interviewing 101: Strategies for Before, During & After",Absent,
"Student 67 - ""Interviewing 101: Strategies for Before, During & After""","Interviewing 101: Strategies for Before, During & After",Absent,
"Student 93 - ""Interviewing 101: Strategies for Before, During & After""","Interviewing 101: Strategies for Before, During & After",Absent,
"Student 58 - ""Interviewing 101: Strategies for Before, During & After""","Interviewing 101: Strategies for Before, During & After",Absent,
"Student 55 - ""Interviewing 101: Strategies for Before, During & After""","Interviewing 101: Strategies for Before, During & After",Absent,
"Student 10 - ""Interviewing 101: Strategies for Before, During & After""","Interviewing 101: Strategies for Before, During & After",Absent,
"Student 2 - ""Interviewing 101: Strategies for Before, During & After""","Interviewing 101: Strategies for Before, During & After",Absent,
"Student 43 - ""Interviewing 101: Strategies for Before, During & After""","Interviewing 101: Strategies for Before, During & After",Absent,
"Student 97 - ""Interviewing 101: Strategies for Before, During & After""","Interviewing 101: Strategies for Before, During & After",Absent,
"Student 83 - ""Interviewing 101: Strategies for Before, During & After""","Interviewing 101: Strategies for Before, During & After",Absent,
"Student 78 - ""Interviewing 101: Strategies for Before, During & After""","Interviewing 101: Strategies for Before, During & After",Absent,
"Student 28 - ""Interviewing 101: Strategies for Before, During & After""","Interviewing 101: Strategies for Before, During & After",Absent,
"Student 54 - ""Interviewing 101: Strategies for Before, During & After""","Interviewing 101: Strategies for Before, During & After",Absent,
"Student 24 - ""Interviewing 101: Strategies for Before, During & After""","Interviewing 101: Strategies for Before, During & After",Absent,
"Student 44 - ""Interviewing 101: Strategies for Before, During & After""","Interviewing 101: Strategies for Before, During & After",Absent,
"Student 63 - ""Interviewing 101: Strategies for Before, During & After""","Interviewing 101: Strategies for Before, During & After",Absent,
"Student 65 - ""Interviewing 101: Strategies for Before, During & After""","Interviewing 101: Strategies for Before, During & After",Absent,
"Student 106 - ""Interviewing 101: Strategies for Before, During & After""","Interviewing 101: Strategies for Before, During & After",Absent,
"Student 8 - ""Interviewing 101: Strategies for Before, During & After""","Interviewing 101: Strategies for Before, During & After",Absent,
"Student 36 - ""Interviewing 101: Strategies for Before, During & After""","Interviewing 101: Strategies for Before, During & After",Absent,
"Student 13 - ""Interviewing 101: Strategies for Before, During & After""","Interviewing 101: Strategies for Before, During & After",Absent,
"Student 80 - ""Interviewing 101: Strategies for Before, During & After""","Interviewing 101: Strategies for Before, During & After",Absent,
"Student 49 - ""Interviewing 101: Strategies for Before, During & After""","Interviewing 101: Strategies for Before, During & After",Absent,
"Student 3 - ""Interviewing 101: Strategies for Before, During & After""","Interviewing 101: Strategies for Before, During & After",Absent,
"Student 57 - ""Interviewing 101: Strategies for Before, During & After""","Interviewing 101: Strategies for Before, During & After",Absent,
"Student 116 - ""Interviewing 101: Strategies for Before, During & After""","Interviewing 101: Strategies for Before, During & After",Absent,
"Student 22 - ""Interviewing 101: Strategies for Before, During & After""","Interviewing 101: Strategies for Before, During & After",Absent,
"Student 82 - ""Interviewing 101: Strategies for Before, During & After""","Interviewing 101: Strategies for Before, During & After",Absent,
"Student 115 - ""Interviewing 101: Strategies for Before, During & After""","Interviewing 101: Strategies for Before, During & After",Absent,
"Student 109 - ""Interviewing 101: Strategies for Before, During & After""","Interviewing 101: Strategies for Before, During & After",Absent,
"Student 27 - ""Interviewing 101: Strategies for Before, During & After""","Interviewing 101: Strategies for Before, During & After",Absent,
"Student 47 - ""Interviewing 101: Strategies for Before, During & After""","Interviewing 101: Strategies for Before, During & After",Absent,
"Student 20 - ""Interviewing 101: Strategies for Before, During & After""","Interviewing 101: Strategies for Before, During & After",Absent,
"Student 84 - ""Interviewing 101: Strategies for Before, During & After""","Interviewing 101: Strategies for Before, During & After",Absent,
"Student 26 - ""Interviewing 101: Strategies for Before, During & After""","Interviewing 101: Strategies for Before, During & After",Absent,
"Student 62 - ""Interviewing 101: Strategies for Before, During & After""","Interviewing 101: Strategies for Before, During & After",Absent,
"Student 4 - ""Interviewing 101: Strategies for Before, During & After""","Interviewing 101: Strategies for Before, During & After",Absent,
"Student 91 - ""Interviewing 101: Strategies for Before, During & After""","Interviewing 101: Strategies for Before, During & After",Absent,
"Student 23 - ""Interviewing 101: Strategies for Before, During & After""","Interviewing 101: Strategies for Before, During & After",Absent,
"Student 120 - ""Interviewing 101: Strategies for Before, During & After""","Interviewing 101: Strategies for Before, During & After",Absent,
"Student 101 - ""Interviewing 101: Strategies for Before, During & After""","Interviewing 101: Strategies for Before, During & After",Absent,
"Student 76 - ""Interviewing 101: Strategies for Before, During & After""","Interviewing 101: Strategies for Before, During & After",Absent,
"Student 7 - ""Interviewing 101: Strategies for Before, During & After""","Interviewing 101: Strategies for Before, During & After",Absent,
"Student 100 - ""Interviewing 101: Strategies for Before, During & After""","Interviewing 101: Strategies for Before, During & After",Absent,
"Student 35 - ""Interviewing 101: Strategies for Before, During & After""","Interviewing 101: Strategies for Before, During & After",Absent,
"Student 74 - ""Interviewing 101: Strategies for Before, During & After""","Interviewing 101: Strategies for Before, During & After",Absent,
"Student 34 - ""Interviewing 101: Strategies for Before, During & After""","Interviewing 101: Strategies for Before, During & After",Absent,
"Student 69 - ""Interviewing 101: Strategies for Before, During & After""","Interviewing 101: Strategies for Before, During & After",Absent,
"Student 1 - ""Interviewing 101: Strategies for Before, During & After""","Interviewing 101: Strategies for Before, During & After",Absent,
"Student 25 - ""Interviewing 101: Strategies for Before, During & After""","Interviewing 101: Strategies for Before, During & After",Absent,
"Student 85 - ""Interviewing 101: Strategies for Before, During & After""","Interviewing 101: Strategies for Before, During & After",Absent,
"Student 99 - ""Interviewing 101: Strategies for Before, During & After""","Interviewing 101: Strategies for Before, During & After",Absent,
"Student 103 - ""Interviewing 101: Strategies for Before, During & After""","Interviewing 101: Strategies for Before, During & After",Absent,
"Student 117 - ""Interviewing 101: Strategies for Before, During & After""","Interviewing 101: Strategies for Before, During & After",Absent,
"Student 60 - ""Interviewing 101: Strategies for Before, During & After""","Interviewing 101: Strategies for Before, During & After",Absent,
"Student 50 - ""Interviewing 101: Strategies for Before, During & After""","Interviewing 101: Strategies for Before, During & After",Absent,
"Student 68 - ""Interviewing 101: Strategies for Before, During & After""","Interviewing 101: Strategies for Before, During & After",Signed Up after Session,
"Student 12 - ""Interviewing 101: Strategies for Before, During & After""","Interviewing 101: Strategies for Before, During & After",Signed Up after Session,
Student 11 - Job Search Strategy,Job Search Strategy,Attended - Completed Feedback Survey,11/9/2021 6:13 PM
Student 111 - Job Search Strategy,Job Search Strategy,Attended - Completed Feedback Survey,11/9/2021 6:02 PM
Student 45 - Job Search Strategy,Job Search Strategy,Attended - Completed Feedback Survey,11/9/2021 6:03 PM
Student 75 - Job Search Strategy,Job Search Strategy,Attended - Completed Feedback Survey,11/9/2021 6:01 PM
Student 61 - Job Search Strategy,Job Search Strategy,Attended - Completed Feedback Survey,11/9/2021 6:01 PM
Student 79 - Job Search Strategy,Job Search Strategy,Attended - Completed Feedback Survey,11/9/2021 6:01 PM
Student 104 - Job Search Strategy,Job Search Strategy,Attended - Completed Feedback Survey,11/9/2021 6:01 PM
Student 30 - Job Search Strategy,Job Search Strategy,Attended - Completed Feedback Survey,11/9/2021 6:16 PM
Student 59 - Job Search Strategy,Job Search Strategy,Attended - Completed Feedback Survey,11/9/2021 6:04 PM
Student 116 - Job Search Strategy,Job Search Strategy,Attended - Completed Feedback Survey,11/9/2021 6:02 PM
Student 5 - Job Search Strategy,Job Search Strategy,Attended - Completed Feedback Survey,11/9/2021 6:01 PM
Student 118 - Job Search Strategy,Job Search Strategy,Watched Recording,11/10/2021 9:58 PM
Student 16 - Job Search Strategy,Job Search Strategy,Watched Recording,11/15/2021 1:01 PM
Student 88 - Job Search Strategy,Job Search Strategy,Watched Recording,11/10/2021 9:48 PM
Student 37 - Job Search Strategy,Job Search Strategy,Watched Recording,11/11/2021 8:10 PM
Student 47 - Job Search Strategy,Job Search Strategy,Watched Recording,11/11/2021 2:46 AM
Student 51 - Job Search Strategy,Job Search Strategy,Attended,
Student 19 - Job Search Strategy,Job Search Strategy,Attended,
Student 70 - Job Search Strategy,Job Search Strategy,Attended,
Student 91 - Job Search Strategy,Job Search Strategy,Attended,
Student 72 - Job Search Strategy,Job Search Strategy,Attended,
Student 73 - Job Search Strategy,Job Search Strategy,Attended,
Student 56 - Job Search Strategy,Job Search Strategy,Absent,
Student 67 - Job Search Strategy,Job Search Strategy,Absent,
Student 58 - Job Search Strategy,Job Search Strategy,Absent,
Student 55 - Job Search Strategy,Job Search Strategy,Absent,
Student 10 - Job Search Strategy,Job Search Strategy,Absent,
Student 2 - Job Search Strategy,Job Search Strategy,Absent,
Student 43 - Job Search Strategy,Job Search Strategy,Absent,
Student 66 - Job Search Strategy,Job Search Strategy,Absent,
Student 97 - Job Search Strategy,Job Search Strategy,Absent,
Student 83 - Job Search Strategy,Job Search Strategy,Absent,
Student 78 - Job Search Strategy,Job Search Strategy,Absent,
Student 28 - Job Search Strategy,Job Search Strategy,Absent,
Student 54 - Job Search Strategy,Job Search Strategy,Absent,
Student 24 - Job Search Strategy,Job Search Strategy,Absent,
Student 44 - Job Search Strategy,Job Search Strategy,Absent,
Student 63 - Job Search Strategy,Job Search Strategy,Absent,
Student 65 - Job Search Strategy,Job Search Strategy,Absent,
Student 106 - Job Search Strategy,Job Search Strategy,Absent,
Student 14 - Job Search Strategy,Job Search Strategy,Absent,
Student 8 - Job Search Strategy,Job Search Strategy,Absent,
Student 13 - Job Search Strategy,Job Search Strategy,Absent,
Student 80 - Job Search Strategy,Job Search Strategy,Absent,
Student 49 - Job Search Strategy,Job Search Strategy,Absent,
Student 98 - Job Search Strategy,Job Search Strategy,Absent,
Student 3 - Job Search Strategy,Job Search Strategy,Absent,
Student 53 - Job Search Strategy,Job Search Strategy,Absent,
Student 110 - Job Search Strategy,Job Search Strategy,Absent,
Student 57 - Job Search Strategy,Job Search Strategy,Absent,
Student 22 - Job Search Strategy,Job Search Strategy,Absent,
Student 82 - Job Search Strategy,Job Search Strategy,Absent,
Student 109 - Job Search Strategy,Job Search Strategy,Absent,
Student 121 - Job Search Strategy,Job Search Strategy,Absent,
Student 27 - Job Search Strategy,Job Search Strategy,Absent,
Student 20 - Job Search Strategy,Job Search Strategy,Absent,
Student 84 - Job Search Strategy,Job Search Strategy,Absent,
Student 26 - Job Search Strategy,Job Search Strategy,Absent,
Student 62 - Job Search Strategy,Job Search Strategy,Absent,
Student 4 - Job Search Strategy,Job Search Strategy,Absent,
Student 42 - Job Search Strategy,Job Search Strategy,Absent,
Student 23 - Job Search Strategy,Job Search Strategy,Absent,
Student 120 - Job Search Strategy,Job Search Strategy,Absent,
Student 101 - Job Search Strategy,Job Search Strategy,Absent,
Student 76 - Job Search Strategy,Job Search Strategy,Absent,
Student 7 - Job Search Strategy,Job Search Strategy,Absent,
Student 100 - Job Search Strategy,Job Search Strategy,Absent,
Student 35 - Job Search Strategy,Job Search Strategy,Absent,
Student 74 - Job Search Strategy,Job Search Strategy,Absent,
Student 34 - Job Search Strategy,Job Search Strategy,Absent,
Student 69 - Job Search Strategy,Job Search Strategy,Absent,
Student 1 - Job Search Strategy,Job Search Strategy,Absent,
Student 25 - Job Search Strategy,Job Search Strategy,Absent,
Student 124 - Job Search Strategy,Job Search Strategy,Absent,
Student 29 - Job Search Strategy,Job Search Strategy,Absent,
Student 85 - Job Search Strategy,Job Search Strategy,Absent,
Student 99 - Job Search Strategy,Job Search Strategy,Absent,
Student 33 - Job Search Strategy,Job Search Strategy,Absent,
Student 103 - Job Search Strategy,Job Search Strategy,Absent,
Student 60 - Job Search Strategy,Job Search Strategy,Absent,
Student 9 - Job Search Strategy,Job Search Strategy,Signed Up after Session,
Student 86 - Job Search Strategy,Job Search Strategy,Signed Up after Session,
Student 68 - Job Search Strategy,Job Search Strategy,Signed Up after Session,
Student 12 - Job Search Strategy,Job Search Strategy,Signed Up after Session,
Student 11 - Level Up Your Interview Skills,Level Up Your Interview Skills,Attended - Completed Feedback Survey,12/7/2021 6:06 PM
Student 2 - Level Up Your Interview Skills,Level Up Your Interview Skills,Attended - Completed Feedback Survey,12/7/2021 6:00 PM
Student 45 - Level Up Your Interview Skills,Level Up Your Interview Skills,Attended - Completed Feedback Survey,12/7/2021 6:01 PM
Student 75 - Level Up Your Interview Skills,Level Up Your Interview Skills,Attended - Completed Feedback Survey,12/7/2021 6:02 PM
Student 61 - Level Up Your Interview Skills,Level Up Your Interview Skills,Attended - Completed Feedback Survey,12/7/2021 6:04 PM
Student 79 - Level Up Your Interview Skills,Level Up Your Interview Skills,Attended - Completed Feedback Survey,12/7/2021 6:00 PM
Student 30 - Level Up Your Interview Skills,Level Up Your Interview Skills,Attended - Completed Feedback Survey,12/7/2021 6:09 PM
Student 59 - Level Up Your Interview Skills,Level Up Your Interview Skills,Attended - Completed Feedback Survey,12/7/2021 6:57 PM
Student 5 - Level Up Your Interview Skills,Level Up Your Interview Skills,Attended - Completed Feedback Survey,12/7/2021 6:01 PM
Student 111 - Level Up Your Interview Skills,Level Up Your Interview Skills,Watched Recording,12/15/2021 5:06 PM
Student 16 - Level Up Your Interview Skills,Level Up Your Interview Skills,Watched Recording,12/9/2021 1:13 PM
Student 88 - Level Up Your Interview Skills,Level Up Your Interview Skills,Watched Recording,12/8/2021 6:45 PM
Student 86 - Level Up Your Interview Skills,Level Up Your Interview Skills,Watched Recording,12/13/2021 12:12 AM
Student 51 - Level Up Your Interview Skills,Level Up Your Interview Skills,Attended,
Student 19 - Level Up Your Interview Skills,Level Up Your Interview Skills,Attended,
Student 70 - Level Up Your Interview Skills,Level Up Your Interview Skills,Attended,
Student 116 - Level Up Your Interview Skills,Level Up Your Interview Skills,Attended,
Student 56 - Level Up Your Interview Skills,Level Up Your Interview Skills,Absent,
Student 67 - Level Up Your Interview Skills,Level Up Your Interview Skills,Absent,
Student 93 - Level Up Your Interview Skills,Level Up Your Interview Skills,Absent,
Student 58 - Level Up Your Interview Skills,Level Up Your Interview Skills,Absent,
Student 55 - Level Up Your Interview Skills,Level Up Your Interview Skills,Absent,
Student 10 - Level Up Your Interview Skills,Level Up Your Interview Skills,Absent,
Student 43 - Level Up Your Interview Skills,Level Up Your Interview Skills,Absent,
Student 118 - Level Up Your Interview Skills,Level Up Your Interview Skills,Absent,
Student 83 - Level Up Your Interview Skills,Level Up Your Interview Skills,Absent,
Student 78 - Level Up Your Interview Skills,Level Up Your Interview Skills,Absent,
Student 28 - Level Up Your Interview Skills,Level Up Your Interview Skills,Absent,
Student 54 - Level Up Your Interview Skills,Level Up Your Interview Skills,Absent,
Student 24 - Level Up Your Interview Skills,Level Up Your Interview Skills,Absent,
Student 44 - Level Up Your Interview Skills,Level Up Your Interview Skills,Absent,
Student 63 - Level Up Your Interview Skills,Level Up Your Interview Skills,Absent,
Student 65 - Level Up Your Interview Skills,Level Up Your Interview Skills,Absent,
Student 106 - Level Up Your Interview Skills,Level Up Your Interview Skills,Absent,
Student 14 - Level Up Your Interview Skills,Level Up Your Interview Skills,Absent,
Student 8 - Level Up Your Interview Skills,Level Up Your Interview Skills,Absent,
Student 13 - Level Up Your Interview Skills,Level Up Your Interview Skills,Absent,
Student 80 - Level Up Your Interview Skills,Level Up Your Interview Skills,Absent,
Student 49 - Level Up Your Interview Skills,Level Up Your Interview Skills,Absent,
Student 98 - Level Up Your Interview Skills,Level Up Your Interview Skills,Absent,
Student 3 - Level Up Your Interview Skills,Level Up Your Interview Skills,Absent,
Student 104 - Level Up Your Interview Skills,Level Up Your Interview Skills,Absent,
Student 57 - Level Up Your Interview Skills,Level Up Your Interview Skills,Absent,
Student 22 - Level Up Your Interview Skills,Level Up Your Interview Skills,Absent,
Student 82 - Level Up Your Interview Skills,Level Up Your Interview Skills,Absent,
Student 115 - Level Up Your Interview Skills,Level Up Your Interview Skills,Absent,
Student 109 - Level Up Your Interview Skills,Level Up Your Interview Skills,Absent,
Student 37 - Level Up Your Interview Skills,Level Up Your Interview Skills,Absent,
Student 27 - Level Up Your Interview Skills,Level Up Your Interview Skills,Absent,
Student 47 - Level Up Your Interview Skills,Level Up Your Interview Skills,Absent,
Student 20 - Level Up Your Interview Skills,Level Up Your Interview Skills,Absent,
Student 84 - Level Up Your Interview Skills,Level Up Your Interview Skills,Absent,
Student 26 - Level Up Your Interview Skills,Level Up Your Interview Skills,Absent,
Student 62 - Level Up Your Interview Skills,Level Up Your Interview Skills,Absent,
Student 4 - Level Up Your Interview Skills,Level Up Your Interview Skills,Absent,
Student 91 - Level Up Your Interview Skills,Level Up Your Interview Skills,Absent,
Student 42 - Level Up Your Interview Skills,Level Up Your Interview Skills,Absent,
Student 23 - Level Up Your Interview Skills,Level Up Your Interview Skills,Absent,
Student 120 - Level Up Your Interview Skills,Level Up Your Interview Skills,Absent,
Student 101 - Level Up Your Interview Skills,Level Up Your Interview Skills,Absent,
Student 76 - Level Up Your Interview Skills,Level Up Your Interview Skills,Absent,
Student 72 - Level Up Your Interview Skills,Level Up Your Interview Skills,Absent,
Student 7 - Level Up Your Interview Skills,Level Up Your Interview Skills,Absent,
Student 100 - Level Up Your Interview Skills,Level Up Your Interview Skills,Absent,
Student 35 - Level Up Your Interview Skills,Level Up Your Interview Skills,Absent,
Student 74 - Level Up Your Interview Skills,Level Up Your Interview Skills,Absent,
Student 34 - Level Up Your Interview Skills,Level Up Your Interview Skills,Absent,
Student 69 - Level Up Your Interview Skills,Level Up Your Interview Skills,Absent,
Student 1 - Level Up Your Interview Skills,Level Up Your Interview Skills,Absent,
Student 25 - Level Up Your Interview Skills,Level Up Your Interview Skills,Absent,
Student 29 - Level Up Your Interview Skills,Level Up Your Interview Skills,Absent,
Student 85 - Level Up Your Interview Skills,Level Up Your Interview Skills,Absent,
Student 99 - Level Up Your Interview Skills,Level Up Your Interview Skills,Absent,
Student 33 - Level Up Your Interview Skills,Level Up Your Interview Skills,Absent,
Student 103 - Level Up Your Interview Skills,Level Up Your Interview Skills,Absent,
Student 117 - Level Up Your Interview Skills,Level Up Your Interview Skills,Absent,
Student 60 - Level Up Your Interview Skills,Level Up Your Interview Skills,Absent,
Student 9 - Level Up Your Interview Skills,Level Up Your Interview Skills,Absent,
Student 50 - Level Up Your Interview Skills,Level Up Your Interview Skills,Absent,
Student 68 - Level Up Your Interview Skills,Level Up Your Interview Skills,Absent,
Student 81 - Level Up Your Interview Skills,Level Up Your Interview Skills,Absent,
Student 12 - Level Up Your Interview Skills,Level Up Your Interview Skills,Signed Up after Session,
Student 11 - Networking *Special 2 hour Session*,Networking *Special 2 hour Session*,Attended - Completed Feedback Survey,"11/16/2021 6:01pm, 11/16/2021 7:00pm"
Student 39 - Networking *Special 2 hour Session*,Networking *Special 2 hour Session*,Attended - Completed Feedback Survey,"11/16/2021 5:58pm, 11/16/2021 6:58pm"
Student 2 - Networking *Special 2 hour Session*,Networking *Special 2 hour Session*,Attended - Completed Feedback Survey,11/16/2021 6:58 PM
Student 118 - Networking *Special 2 hour Session*,Networking *Special 2 hour Session*,Attended - Completed Feedback Survey,"11/16/2021 6:00pm, 11/17/2021 5:33pm"
Student 111 - Networking *Special 2 hour Session*,Networking *Special 2 hour Session*,Attended - Completed Feedback Survey,"11/16/2021 5:59pm, 11/16/2021 6:58pm"
Student 45 - Networking *Special 2 hour Session*,Networking *Special 2 hour Session*,Attended - Completed Feedback Survey,"11/16/2021 6:05pm, 11/16/2021 7:01pm"
Student 75 - Networking *Special 2 hour Session*,Networking *Special 2 hour Session*,Attended - Completed Feedback Survey,"11/16/2021 6:00pm, 11/16/2021 6:58pm"
Student 61 - Networking *Special 2 hour Session*,Networking *Special 2 hour Session*,Attended - Completed Feedback Survey,11/16/2021 5:59 PM
Student 79 - Networking *Special 2 hour Session*,Networking *Special 2 hour Session*,Attended - Completed Feedback Survey,11/16/2021 6:59 PM
Student 104 - Networking *Special 2 hour Session*,Networking *Special 2 hour Session*,Attended - Completed Feedback Survey,11/16/2021 5:59 PM
Student 30 - Networking *Special 2 hour Session*,Networking *Special 2 hour Session*,Attended - Completed Feedback Survey,"11/16/2021 6:00pm, 11/16/2021 7:00pm"
Student 59 - Networking *Special 2 hour Session*,Networking *Special 2 hour Session*,Attended - Completed Feedback Survey,"11/16/2021 6:00pm, 11/16/2021 7:00pm"
Student 120 - Networking *Special 2 hour Session*,Networking *Special 2 hour Session*,Attended - Completed Feedback Survey,"11/16/2021 6:01pm, 11/16/2021 7:00pm"
Student 5 - Networking *Special 2 hour Session*,Networking *Special 2 hour Session*,Attended - Completed Feedback Survey,"11/16/2021 5:59pm, 11/16/2021 7:00pm"
Student 87 - Networking *Special 2 hour Session*,Networking *Special 2 hour Session*,Attended - Completed Feedback Survey,"11/16/2021 5:59pm, 11/16/2021 7:01pm"
Student 123 - Networking *Special 2 hour Session*,Networking *Special 2 hour Session*,Attended - Completed Feedback Survey,"11/16/2021 6:01pm, 11/16/2021 6:59pm"
Student 16 - Networking *Special 2 hour Session*,Networking *Special 2 hour Session*,Watched Recording,11/17/2021 6:04 PM
Student 88 - Networking *Special 2 hour Session*,Networking *Special 2 hour Session*,Watched Recording,12/2/2021 9:17 PM
Student 37 - Networking *Special 2 hour Session*,Networking *Special 2 hour Session*,Watched Recording,12/1/2021 12:49 AM
Student 72 - Networking *Special 2 hour Session*,Networking *Special 2 hour Session*,Watched Recording,12/8/2021 10:03 AM
Student 51 - Networking *Special 2 hour Session*,Networking *Special 2 hour Session*,Attended,
Student 70 - Networking *Special 2 hour Session*,Networking *Special 2 hour Session*,Attended,
Student 121 - Networking *Special 2 hour Session*,Networking *Special 2 hour Session*,Attended,
Student 56 - Networking *Special 2 hour Session*,Networking *Special 2 hour Session*,Absent,
Student 94 - Networking *Special 2 hour Session*,Networking *Special 2 hour Session*,Absent,
Student 67 - Networking *Special 2 hour Session*,Networking *Special 2 hour Session*,Absent,
Student 93 - Networking *Special 2 hour Session*,Networking *Special 2 hour Session*,Absent,
Student 58 - Networking *Special 2 hour Session*,Networking *Special 2 hour Session*,Absent,
Student 55 - Networking *Special 2 hour Session*,Networking *Special 2 hour Session*,Absent,
Student 10 - Networking *Special 2 hour Session*,Networking *Special 2 hour Session*,Absent,
Student 43 - Networking *Special 2 hour Session*,Networking *Special 2 hour Session*,Absent,
Student 66 - Networking *Special 2 hour Session*,Networking *Special 2 hour Session*,Absent,
Student 97 - Networking *Special 2 hour Session*,Networking *Special 2 hour Session*,Absent,
Student 83 - Networking *Special 2 hour Session*,Networking *Special 2 hour Session*,Absent,
Student 78 - Networking *Special 2 hour Session*,Networking *Special 2 hour Session*,Absent,
Student 28 - Networking *Special 2 hour Session*,Networking *Special 2 hour Session*,Absent,
Student 54 - Networking *Special 2 hour Session*,Networking *Special 2 hour Session*,Absent,
Student 24 - Networking *Special 2 hour Session*,Networking *Special 2 hour Session*,Absent,
Student 44 - Networking *Special 2 hour Session*,Networking *Special 2 hour Session*,Absent,
Student 65 - Networking *Special 2 hour Session*,Networking *Special 2 hour Session*,Absent,
Student 106 - Networking *Special 2 hour Session*,Networking *Special 2 hour Session*,Absent,
Student 8 - Networking *Special 2 hour Session*,Networking *Special 2 hour Session*,Absent,
Student 36 - Networking *Special 2 hour Session*,Networking *Special 2 hour Session*,Absent,
Student 13 - Networking *Special 2 hour Session*,Networking *Special 2 hour Session*,Absent,
Student 80 - Networking *Special 2 hour Session*,Networking *Special 2 hour Session*,Absent,
Student 49 - Networking *Special 2 hour Session*,Networking *Special 2 hour Session*,Absent,
Student 31 - Networking *Special 2 hour Session*,Networking *Special 2 hour Session*,Absent,
Student 98 - Networking *Special 2 hour Session*,Networking *Special 2 hour Session*,Absent,
Student 3 - Networking *Special 2 hour Session*,Networking *Special 2 hour Session*,Absent,
Student 53 - Networking *Special 2 hour Session*,Networking *Special 2 hour Session*,Absent,
Student 110 - Networking *Special 2 hour Session*,Networking *Special 2 hour Session*,Absent,
Student 57 - Networking *Special 2 hour Session*,Networking *Special 2 hour Session*,Absent,
Student 116 - Networking *Special 2 hour Session*,Networking *Special 2 hour Session*,Absent,
Student 82 - Networking *Special 2 hour Session*,Networking *Special 2 hour Session*,Absent,
Student 115 - Networking *Special 2 hour Session*,Networking *Special 2 hour Session*,Absent,
Student 109 - Networking *Special 2 hour Session*,Networking *Special 2 hour Session*,Absent,
Student 26 - Networking *Special 2 hour Session*,Networking *Special 2 hour Session*,Absent,
Student 62 - Networking *Special 2 hour Session*,Networking *Special 2 hour Session*,Absent,
Student 4 - Networking *Special 2 hour Session*,Networking *Special 2 hour Session*,Absent,
Student 91 - Networking *Special 2 hour Session*,Networking *Special 2 hour Session*,Absent,
Student 42 - Networking *Special 2 hour Session*,Networking *Special 2 hour Session*,Absent,
Student 23 - Networking *Special 2 hour Session*,Networking *Special 2 hour Session*,Absent,
Student 101 - Networking *Special 2 hour Session*,Networking *Special 2 hour Session*,Absent,
Student 76 - Networking *Special 2 hour Session*,Networking *Special 2 hour Session*,Absent,
Student 7 - Networking *Special 2 hour Session*,Networking *Special 2 hour Session*,Absent,
Student 100 - Networking *Special 2 hour Session*,Networking *Special 2 hour Session*,Absent,
Student 35 - Networking *Special 2 hour Session*,Networking *Special 2 hour Session*,Absent,
Student 74 - Networking *Special 2 hour Session*,Networking *Special 2 hour Session*,Absent,
Student 34 - Networking *Special 2 hour Session*,Networking *Special 2 hour Session*,Absent,
Student 69 - Networking *Special 2 hour Session*,Networking *Special 2 hour Session*,Absent,
Student 1 - Networking *Special 2 hour Session*,Networking *Special 2 hour Session*,Absent,
Student 25 - Networking *Special 2 hour Session*,Networking *Special 2 hour Session*,Absent,
Student 29 - Networking *Special 2 hour Session*,Networking *Special 2 hour Session*,Absent,
Student 85 - Networking *Special 2 hour Session*,Networking *Special 2 hour Session*,Absent,
Student 99 - Networking *Special 2 hour Session*,Networking *Special 2 hour Session*,Absent,
Student 33 - Networking *Special 2 hour Session*,Networking *Special 2 hour Session*,Absent,
Student 103 - Networking *Special 2 hour Session*,Networking *Special 2 hour Session*,Absent,
Student 117 - Networking *Special 2 hour Session*,Networking *Special 2 hour Session*,Absent,
Student 60 - Networking *Special 2 hour Session*,Networking *Special 2 hour Session*,Absent,
Student 48 - Networking *Special 2 hour Session*,Networking *Special 2 hour Session*,Absent,
Student 9 - Networking *Special 2 hour Session*,Networking *Special 2 hour Session*,Absent,
Student 50 - Networking *Special 2 hour Session*,Networking *Special 2 hour Session*,Absent,
Student 19 - Networking *Special 2 hour Session*,Networking *Special 2 hour Session*,Attended - Left early,
Student 22 - Networking *Special 2 hour Session*,Networking *Special 2 hour Session*,Attended - Left early,
Student 27 - Networking *Special 2 hour Session*,Networking *Special 2 hour Session*,Attended - Left early,
Student 12 - Networking *Special 2 hour Session*,Networking *Special 2 hour Session*,Signed Up after Session,
Student 11 - Results-Oriented Resumes,Results-Oriented Resumes,Attended - Completed Feedback Survey,10/26/2021 6:13 PM
Student 75 - Results-Oriented Resumes,Results-Oriented Resumes,Attended - Completed Feedback Survey,10/26/2021 6:02 PM
Student 61 - Results-Oriented Resumes,Results-Oriented Resumes,Attended - Completed Feedback Survey,10/26/2021 6:02 PM
Student 79 - Results-Oriented Resumes,Results-Oriented Resumes,Attended - Completed Feedback Survey,10/26/2021 6:03 PM
Student 104 - Results-Oriented Resumes,Results-Oriented Resumes,Attended - Completed Feedback Survey,10/26/2021 6:04 PM
Student 30 - Results-Oriented Resumes,Results-Oriented Resumes,Attended - Completed Feedback Survey,10/26/2021 6:03 PM
Student 59 - Results-Oriented Resumes,Results-Oriented Resumes,Attended - Completed Feedback Survey,10/26/2021 6:11 PM
Student 118 - Results-Oriented Resumes,Results-Oriented Resumes,Watched Recording,11/1/2021 4:27 PM
Student 111 - Results-Oriented Resumes,Results-Oriented Resumes,Watched Recording,"10/26/2021 6:02pm, 11/3/2021 4:06pm"
Student 16 - Results-Oriented Resumes,Results-Oriented Resumes,Watched Recording,10/27/2021 1:01 PM
Student 80 - Results-Oriented Resumes,Results-Oriented Resumes,Watched Recording,10/27/2021 1:49 PM
Student 88 - Results-Oriented Resumes,Results-Oriented Resumes,Watched Recording,10/27/2021 1:20 PM
Student 82 - Results-Oriented Resumes,Results-Oriented Resumes,Watched Recording,11/6/2021 3:01 AM
Student 37 - Results-Oriented Resumes,Results-Oriented Resumes,Watched Recording,10/31/2021 4:37 PM
Student 27 - Results-Oriented Resumes,Results-Oriented Resumes,Watched Recording,11/6/2021 3:02 AM
Student 72 - Results-Oriented Resumes,Results-Oriented Resumes,Watched Recording,12/8/2021 10:07 AM
Student 51 - Results-Oriented Resumes,Results-Oriented Resumes,Attended,
Student 45 - Results-Oriented Resumes,Results-Oriented Resumes,Attended,
Student 19 - Results-Oriented Resumes,Results-Oriented Resumes,Attended,
Student 70 - Results-Oriented Resumes,Results-Oriented Resumes,Attended,
Student 91 - Results-Oriented Resumes,Results-Oriented Resumes,Attended,
Student 120 - Results-Oriented Resumes,Results-Oriented Resumes,Attended,
Student 101 - Results-Oriented Resumes,Results-Oriented Resumes,Attended,
Student 5 - Results-Oriented Resumes,Results-Oriented Resumes,Attended,
Student 56 - Results-Oriented Resumes,Results-Oriented Resumes,Absent,
Student 67 - Results-Oriented Resumes,Results-Oriented Resumes,Absent,
Student 58 - Results-Oriented Resumes,Results-Oriented Resumes,Absent,
Student 55 - Results-Oriented Resumes,Results-Oriented Resumes,Absent,
Student 10 - Results-Oriented Resumes,Results-Oriented Resumes,Absent,
Student 39 - Results-Oriented Resumes,Results-Oriented Resumes,Absent,
Student 2 - Results-Oriented Resumes,Results-Oriented Resumes,Absent,
Student 43 - Results-Oriented Resumes,Results-Oriented Resumes,Absent,
Student 66 - Results-Oriented Resumes,Results-Oriented Resumes,Absent,
Student 83 - Results-Oriented Resumes,Results-Oriented Resumes,Absent,
Student 78 - Results-Oriented Resumes,Results-Oriented Resumes,Absent,
Student 28 - Results-Oriented Resumes,Results-Oriented Resumes,Absent,
Student 54 - Results-Oriented Resumes,Results-Oriented Resumes,Absent,
Student 24 - Results-Oriented Resumes,Results-Oriented Resumes,Absent,
Student 63 - Results-Oriented Resumes,Results-Oriented Resumes,Absent,
Student 65 - Results-Oriented Resumes,Results-Oriented Resumes,Absent,
Student 106 - Results-Oriented Resumes,Results-Oriented Resumes,Absent,
Student 8 - Results-Oriented Resumes,Results-Oriented Resumes,Absent,
Student 36 - Results-Oriented Resumes,Results-Oriented Resumes,Absent,
Student 13 - Results-Oriented Resumes,Results-Oriented Resumes,Absent,
Student 49 - Results-Oriented Resumes,Results-Oriented Resumes,Absent,
Student 38 - Results-Oriented Resumes,Results-Oriented Resumes,Absent,
Student 98 - Results-Oriented Resumes,Results-Oriented Resumes,Absent,
Student 3 - Results-Oriented Resumes,Results-Oriented Resumes,Absent,
Student 53 - Results-Oriented Resumes,Results-Oriented Resumes,Absent,
Student 110 - Results-Oriented Resumes,Results-Oriented Resumes,Absent,
Student 57 - Results-Oriented Resumes,Results-Oriented Resumes,Absent,
Student 116 - Results-Oriented Resumes,Results-Oriented Resumes,Absent,
Student 22 - Results-Oriented Resumes,Results-Oriented Resumes,Absent,
Student 77 - Results-Oriented Resumes,Results-Oriented Resumes,Absent,
Student 115 - Results-Oriented Resumes,Results-Oriented Resumes,Absent,
Student 109 - Results-Oriented Resumes,Results-Oriented Resumes,Absent,
Student 47 - Results-Oriented Resumes,Results-Oriented Resumes,Absent,
Student 84 - Results-Oriented Resumes,Results-Oriented Resumes,Absent,
Student 26 - Results-Oriented Resumes,Results-Oriented Resumes,Absent,
Student 62 - Results-Oriented Resumes,Results-Oriented Resumes,Absent,
Student 4 - Results-Oriented Resumes,Results-Oriented Resumes,Absent,
Student 23 - Results-Oriented Resumes,Results-Oriented Resumes,Absent,
Student 7 - Results-Oriented Resumes,Results-Oriented Resumes,Absent,
Student 100 - Results-Oriented Resumes,Results-Oriented Resumes,Absent,
Student 74 - Results-Oriented Resumes,Results-Oriented Resumes,Absent,
Student 34 - Results-Oriented Resumes,Results-Oriented Resumes,Absent,
Student 69 - Results-Oriented Resumes,Results-Oriented Resumes,Absent,
Student 1 - Results-Oriented Resumes,Results-Oriented Resumes,Absent,
Student 25 - Results-Oriented Resumes,Results-Oriented Resumes,Absent,
Student 29 - Results-Oriented Resumes,Results-Oriented Resumes,Absent,
Student 76 - Results-Oriented Resumes,Results-Oriented Resumes,Attended - Left early,
Student 85 - Results-Oriented Resumes,Results-Oriented Resumes,Signed Up after Session,
Student 103 - Results-Oriented Resumes,Results-Oriented Resumes,Signed Up after Session,
Student 117 - Results-Oriented Resumes,Results-Oriented Resumes,Signed Up after Session,
Student 15 - Results-Oriented Resumes,Results-Oriented Resumes,Signed Up after Session,
Student 86 - Results-Oriented Resumes,Results-Oriented Resumes,Signed Up after Session,
Student 68 - Results-Oriented Resumes,Results-Oriented Resumes,Signed Up after Session,
Student 12 - Results-Oriented Resumes,Results-Oriented Resumes,Signed Up after Session,
Student 46 - Results-Oriented Resumes,Results-Oriented Resumes,Signed Up after Session,
Student 118 - Showcase Your Strengths,Showcase Your Strengths,Attended - Completed Feedback Survey,10/12/2021 6:01 PM
Student 111 - Showcase Your Strengths,Showcase Your Strengths,Attended - Completed Feedback Survey,10/12/2021 5:59 PM
Student 28 - Showcase Your Strengths,Showcase Your Strengths,Attended - Completed Feedback Survey,10/12/2021 6:19 PM
Student 106 - Showcase Your Strengths,Showcase Your Strengths,Attended - Completed Feedback Survey,10/12/2021 6:02 PM
Student 75 - Showcase Your Strengths,Showcase Your Strengths,Attended - Completed Feedback Survey,10/12/2021 6:00 PM
Student 79 - Showcase Your Strengths,Showcase Your Strengths,Attended - Completed Feedback Survey,10/12/2021 5:59 PM
Student 30 - Showcase Your Strengths,Showcase Your Strengths,Attended - Completed Feedback Survey,10/12/2021 6:02 PM
Student 59 - Showcase Your Strengths,Showcase Your Strengths,Attended - Completed Feedback Survey,10/12/2021 8:55 PM
Student 27 - Showcase Your Strengths,Showcase Your Strengths,Attended - Completed Feedback Survey,10/12/2021 6:01 PM
Student 4 - Showcase Your Strengths,Showcase Your Strengths,Attended - Completed Feedback Survey,10/12/2021 6:00 PM
Student 11 - Showcase Your Strengths,Showcase Your Strengths,Watched Recording,10/25/2021 2:49 PM
Student 16 - Showcase Your Strengths,Showcase Your Strengths,Watched Recording,10/26/2021 4:29 PM
Student 70 - Showcase Your Strengths,Showcase Your Strengths,Watched Recording,10/26/2021 12:43 PM
Student 88 - Showcase Your Strengths,Showcase Your Strengths,Watched Recording,10/18/2021 7:29 PM
Student 37 - Showcase Your Strengths,Showcase Your Strengths,Watched Recording,10/19/2021 4:25 PM
Student 51 - Showcase Your Strengths,Showcase Your Strengths,Attended,
Student 56 - Showcase Your Strengths,Showcase Your Strengths,Absent,
Student 67 - Showcase Your Strengths,Showcase Your Strengths,Absent,
Student 58 - Showcase Your Strengths,Showcase Your Strengths,Absent,
Student 55 - Showcase Your Strengths,Showcase Your Strengths,Absent,
Student 10 - Showcase Your Strengths,Showcase Your Strengths,Absent,
Student 39 - Showcase Your Strengths,Showcase Your Strengths,Absent,
Student 2 - Showcase Your Strengths,Showcase Your Strengths,Absent,
Student 43 - Showcase Your Strengths,Showcase Your Strengths,Absent,
Student 97 - Showcase Your Strengths,Showcase Your Strengths,Absent,
Student 83 - Showcase Your Strengths,Showcase Your Strengths,Absent,
Student 78 - Showcase Your Strengths,Showcase Your Strengths,Absent,
Student 54 - Showcase Your Strengths,Showcase Your Strengths,Absent,
Student 24 - Showcase Your Strengths,Showcase Your Strengths,Absent,
Student 44 - Showcase Your Strengths,Showcase Your Strengths,Absent,
Student 63 - Showcase Your Strengths,Showcase Your Strengths,Absent,
Student 65 - Showcase Your Strengths,Showcase Your Strengths,Absent,
Student 45 - Showcase Your Strengths,Showcase Your Strengths,Absent,
Student 8 - Showcase Your Strengths,Showcase Your Strengths,Absent,
Student 13 - Showcase Your Strengths,Showcase Your Strengths,Absent,
Student 19 - Showcase Your Strengths,Showcase Your Strengths,Absent,
Student 80 - Showcase Your Strengths,Showcase Your Strengths,Absent,
Student 49 - Showcase Your Strengths,Showcase Your Strengths,Absent,
Student 3 - Showcase Your Strengths,Showcase Your Strengths,Absent,
Student 104 - Showcase Your Strengths,Showcase Your Strengths,Absent,
Student 53 - Showcase Your Strengths,Showcase Your Strengths,Absent,
Student 110 - Showcase Your Strengths,Showcase Your Strengths,Absent,
Student 57 - Showcase Your Strengths,Showcase Your Strengths,Absent,
Student 116 - Showcase Your Strengths,Showcase Your Strengths,Absent,
Student 22 - Showcase Your Strengths,Showcase Your Strengths,Absent,
Student 77 - Showcase Your Strengths,Showcase Your Strengths,Absent,
Student 82 - Showcase Your Strengths,Showcase Your Strengths,Absent,
Student 109 - Showcase Your Strengths,Showcase Your Strengths,Absent,
Student 121 - Showcase Your Strengths,Showcase Your Strengths,Absent,
Student 21 - Showcase Your Strengths,Showcase Your Strengths,Absent,
Student 47 - Showcase Your Strengths,Showcase Your Strengths,Absent,
Student 20 - Showcase Your Strengths,Showcase Your Strengths,Absent,
Student 84 - Showcase Your Strengths,Showcase Your Strengths,Absent,
Student 26 - Showcase Your Strengths,Showcase Your Strengths,Absent,
Student 62 - Showcase Your Strengths,Showcase Your Strengths,Absent,
Student 91 - Showcase Your Strengths,Showcase Your Strengths,Absent,
Student 23 - Showcase Your Strengths,Showcase Your Strengths,Signed Up after Session,
Student 101 - Showcase Your Strengths,Showcase Your Strengths,Signed Up after Session,
Student 74 - Showcase Your Strengths,Showcase Your Strengths,Signed Up after Session,
Student 95 - Showcase Your Strengths,Showcase Your Strengths,Signed Up after Session,
Student 69 - Showcase Your Strengths,Showcase Your Strengths,Signed Up after Session,
Student 1 - Showcase Your Strengths,Showcase Your Strengths,Signed Up after Session,
Student 73 - Showcase Your Strengths,Showcase Your Strengths,Signed Up after Session,
Student 25 - Showcase Your Strengths,Showcase Your Strengths,Signed Up after Session,
Student 85 - Showcase Your Strengths,Showcase Your Strengths,Signed Up after Session,
Student 103 - Showcase Your Strengths,Showcase Your Strengths,Signed Up after Session,
Student 117 - Showcase Your Strengths,Showcase Your Strengths,Signed Up after Session,
Student 86 - Showcase Your Strengths,Showcase Your Strengths,Signed Up after Session,
Student 68 - Showcase Your Strengths,Showcase Your Strengths,Signed Up after Session,
Student 11 - STAR Stories,STAR Stories,Attended - Completed Feedback Survey,10/19/2021 6:04 PM
Student 118 - STAR Stories,STAR Stories,Attended - Completed Feedback Survey,10/19/2021 6:02 PM
Student 111 - STAR Stories,STAR Stories,Attended - Completed Feedback Survey,10/19/2021 6:02 PM
Student 75 - STAR Stories,STAR Stories,Attended - Completed Feedback Survey,10/19/2021 6:02 PM
Student 79 - STAR Stories,STAR Stories,Attended - Completed Feedback Survey,10/19/2021 6:02 PM
Student 104 - STAR Stories,STAR Stories,Attended - Completed Feedback Survey,10/19/2021 6:06 PM
Student 30 - STAR Stories,STAR Stories,Attended - Completed Feedback Survey,10/19/2021 6:05 PM
Student 120 - STAR Stories,STAR Stories,Attended - Completed Feedback Survey,10/19/2021 6:03 PM
Student 70 - STAR Stories,STAR Stories,Watched Recording,10/26/2021 12:48 PM
Student 80 - STAR Stories,STAR Stories,Watched Recording,10/27/2021 1:50 PM
Student 88 - STAR Stories,STAR Stories,Watched Recording,11/1/2021 11:26 AM
Student 37 - STAR Stories,STAR Stories,Watched Recording,10/23/2021 3:29 PM
Student 72 - STAR Stories,STAR Stories,Watched Recording,12/8/2021 10:05 AM
Student 18 - STAR Stories,STAR Stories,Watched Recording,11/2/2021 12:45 PM
Student 51 - STAR Stories,STAR Stories,Attended,
Student 109 - STAR Stories,STAR Stories,Attended,
Student 34 - STAR Stories,STAR Stories,Attended,
Student 67 - STAR Stories,STAR Stories,Absent,
Student 58 - STAR Stories,STAR Stories,Absent,
Student 55 - STAR Stories,STAR Stories,Absent,
Student 2 - STAR Stories,STAR Stories,Absent,
Student 43 - STAR Stories,STAR Stories,Absent,
Student 66 - STAR Stories,STAR Stories,Absent,
Student 97 - STAR Stories,STAR Stories,Absent,
Student 83 - STAR Stories,STAR Stories,Absent,
Student 78 - STAR Stories,STAR Stories,Absent,
Student 28 - STAR Stories,STAR Stories,Absent,
Student 54 - STAR Stories,STAR Stories,Absent,
Student 24 - STAR Stories,STAR Stories,Absent,
Student 44 - STAR Stories,STAR Stories,Absent,
Student 63 - STAR Stories,STAR Stories,Absent,
Student 65 - STAR Stories,STAR Stories,Absent,
Student 106 - STAR Stories,STAR Stories,Absent,
Student 45 - STAR Stories,STAR Stories,Absent,
Student 8 - STAR Stories,STAR Stories,Absent,
Student 61 - STAR Stories,STAR Stories,Absent,
Student 13 - STAR Stories,STAR Stories,Absent,
Student 19 - STAR Stories,STAR Stories,Absent,
Student 49 - STAR Stories,STAR Stories,Absent,
Student 98 - STAR Stories,STAR Stories,Absent,
Student 3 - STAR Stories,STAR Stories,Absent,
Student 57 - STAR Stories,STAR Stories,Absent,
Student 59 - STAR Stories,STAR Stories,Absent,
Student 116 - STAR Stories,STAR Stories,Absent,
Student 22 - STAR Stories,STAR Stories,Absent,
Student 82 - STAR Stories,STAR Stories,Absent,
Student 121 - STAR Stories,STAR Stories,Absent,
Student 27 - STAR Stories,STAR Stories,Absent,
Student 47 - STAR Stories,STAR Stories,Absent,
Student 20 - STAR Stories,STAR Stories,Absent,
Student 26 - STAR Stories,STAR Stories,Absent,
Student 62 - STAR Stories,STAR Stories,Absent,
Student 4 - STAR Stories,STAR Stories,Absent,
Student 91 - STAR Stories,STAR Stories,Absent,
Student 42 - STAR Stories,STAR Stories,Absent,
Student 23 - STAR Stories,STAR Stories,Absent,
Student 101 - STAR Stories,STAR Stories,Absent,
Student 7 - STAR Stories,STAR Stories,Absent,
Student 35 - STAR Stories,STAR Stories,Absent,
Student 74 - STAR Stories,STAR Stories,Absent,
Student 95 - STAR Stories,STAR Stories,Absent,
Student 69 - STAR Stories,STAR Stories,Signed Up after Session,
Student 1 - STAR Stories,STAR Stories,Signed Up after Session,
Student 25 - STAR Stories,STAR Stories,Signed Up after Session,
Student 85 - STAR Stories,STAR Stories,Signed Up after Session,
Student 103 - STAR Stories,STAR Stories,Signed Up after Session,
Student 117 - STAR Stories,STAR Stories,Signed Up after Session,
Student 86 - STAR Stories,STAR Stories,Signed Up after Session,
Student 68 - STAR Stories,STAR Stories,Signed Up after Session,
Student 12 - STAR Stories,STAR Stories,Signed Up after Session,